IfcDoor;2C3g2SkoX0DB2MqUJ99805;287R6UFJjBbBSDsMS5$7RW
IfcDoor;2C3g2SkoX0DB2MqUJ998V5;287R6UFJjBbBSDsMS5$7I3
IfcDoor;2C3g2SkoX0DB2MqUJ998Of;1hGH3qbkrDCx4r5quKdniJ
IfcWindow;3WkvknDh90Ye6Ixz4ljE5Y;1V1LtPf1LAPArDepPryM5J
IfcWindow;3WkvknDh90Ye6Ixz4ljEBI;1V1LtPf1LAPArDepPryM5J
IfcWindow;3WkvknDh90Ye6Ixz4ljEF9;1V1LtPf1LAPArDepPryM0R
IfcWindow;3WkvknDh90Ye6Ixz4ljFmW;1V1LtPf1LAPArDepPryM0R
IfcWindow;0gKy2dHP5AkwOKYofyLhN3;1V1LtPf1LAPArDepPryM5J
IfcWindow;0gKy2dHP5AkwOKYofyLhN2;1V1LtPf1LAPArDepPryM5J
IfcWindow;0gKy2dHP5AkwOKYofyLhN1;1V1LtPf1LAPArDepPryM0R
IfcWindow;0gKy2dHP5AkwOKYofyLhN0;1V1LtPf1LAPArDepPryM0R
IfcWindow;0gKy2dHP5AkwOKYofyLhNI;1V1LtPf1LAPArDepPryM5J
IfcWindow;0gKy2dHP5AkwOKYofyLhNH;1V1LtPf1LAPArDepPryM5J
IfcWindow;0gKy2dHP5AkwOKYofyLhNG;1V1LtPf1LAPArDepPryM0R
IfcWindow;0gKy2dHP5AkwOKYofyLhNV;1V1LtPf1LAPArDepPryM0R
IfcWindow;0gKy2dHP5AkwOKYofyLhNd;1V1LtPf1LAPArDepPryM5J
IfcWindow;0gKy2dHP5AkwOKYofyLhNc;1V1LtPf1LAPArDepPryM5J
IfcWindow;0gKy2dHP5AkwOKYofyLhNb;1V1LtPf1LAPArDepPryM0R
IfcWindow;0gKy2dHP5AkwOKYofyLhNa;1V1LtPf1LAPArDepPryM0R
IfcWindow;0gKy2dHP5AkwOKYofyLhN_;1V1LtPf1LAPArDepPryM5J
IfcWindow;0gKy2dHP5AkwOKYofyLhNz;1V1LtPf1LAPArDepPryM5J
IfcWindow;0gKy2dHP5AkwOKYofyLhNy;1V1LtPf1LAPArDepPryM0R
IfcWindow;0gKy2dHP5AkwOKYofyLhNx;1V1LtPf1LAPArDepPryM0R
IfcWindow;1klcXI_jz4_BgR92sD4dxD;1V1LtPf1LAPArDepPryM0O
IfcDoor;1hGH3qbkrDCx4r5quKdm0Z;1hGH3qbkrDCx4r5quKdnx4
IfcWindow;0ZpO_rQ$L1Xw$Gw2lJor0T;1V1LtPf1LAPArDepPryM0Q
IfcDoor;1ySdzdFN95fgR5oZHWeHGo;1ySdzdFN95fgR5oZHWeHGq
IfcDoor;1ySdzdFN95fgR5oZHWeHGn;1ySdzdFN95fgR5oZHWeHGs
IfcDoor;1ySdzdFN95fgR5oZHWeHGm;1ySdzdFN95fgR5oZHWeHJ7
IfcDoor;1ySdzdFN95fgR5oZHWeHJ4;1ySdzdFN95fgR5oZHWeHJ5
IfcDoor;1ySdzdFN95fgR5oZHWeHKI;1ySdzdFN95fgR5oZHWeHKJ
IfcDoor;2K5MpZ_rH2G9mmO027jV2O;2K5MpZ_rH2G9mmO027jV2Q
IfcDoor;2K5MpZ_rH2G9mmO027jV2P;2K5MpZ_rH2G9mmO027jV2S
IfcDoor;2K5MpZ_rH2G9mmO027jV26;2K5MpZ_rH2G9mmO027jVT6
IfcDoor;2K5MpZ_rH2G9mmO027jVT5;2K5MpZ_rH2G9mmO027jVT4
IfcDoor;2K5MpZ_rH2G9mmO027jVTA;2K5MpZ_rH2G9mmO027jVT8
IfcDoor;2K5MpZ_rH2G9mmO027jVVC;2K5MpZ_rH2G9mmO027jVVE
IfcDoor;2K5MpZ_rH2G9mmO027jVVD;2K5MpZ_rH2G9mmO027jVV1
IfcDoor;2K5MpZ_rH2G9mmO027jVVA;2K5MpZ_rH2G9mmO027jVVx
IfcDoor;2K5MpZ_rH2G9mmO027jVVc;2K5MpZ_rH2G9mmO027jVVv
IfcDoor;2K5MpZ_rH2G9mmO027jVVl;2K5MpZ_rH2G9mmO027jVVj
IfcDoor;2K5MpZ_rH2G9mmO027jVPE;2K5MpZ_rH2G9mmO027jVP0
IfcDoor;2K5MpZ_rH2G9mmO027jVPF;2K5MpZ_rH2G9mmO027jVP3
IfcDoor;2K5MpZ_rH2G9mmO027jVPC;2K5MpZ_rH2G9mmO027jVPz
IfcDoor;2K5MpZ_rH2G9mmO027jVPu;2K5MpZ_rH2G9mmO027jVPx
IfcDoor;2K5MpZ_rH2G9mmO027jVPX;2K5MpZ_rH2G9mmO027jVPl
IfcDoor;3fYmXlUNzFNOcPN0oaYo3w;37KCn_Ucn3PP8_TUopEOz7
