2URjRn7jf4DOr_gRKnm5c_;0$4HjmXuHA1gIKV3v8O5w$,2x0_I84uX9GQNpgVxhQ69I
1dQ2conk1B68m5owLPJ5Go;0$4HjmXuHA1gIKV3v8O5w$,2x0_I84uX9GQNpgVxhQ69I
1dQ2conk1B68m5owLPJ5Gn;0$4HjmXuHA1gIKV3v8O5w$,2x0_I84uX9GQNpgVxhQ69I
1dQ2conk1B68m5owLPJ5Gc;0$4HjmXuHA1gIKV3v8O5w$,2x0_I84uX9GQNpgVxhQ69I
2URjRn7jf4DOr_gRKnm5c1;0$4HjmXuHA1gIKV3v8O5w$,2x0_I84uX9GQNpgVxhQ69I
2dd0u4Zxf6rQ1MO2JZZOZw;3I20iG02H17xDC9EQ1_OxD,2x0_I84uX9GQNpgVxhQ60G
2dd0u4Zxf6rQ1MO2JZZOZx;3I20iG02H17xDC9EQ1_OxD,2x0_I84uX9GQNpgVxhQ60G
2dd0u4Zxf6rQ1MO2JZZOZy;3I20iG02H17xDC9EQ1_OxD,2x0_I84uX9GQNpgVxhQ60G
2dd0u4Zxf6rQ1MO2JZZOZz;3I20iG02H17xDC9EQ1_OxD,2x0_I84uX9GQNpgVxhQ60G
2dd0u4Zxf6rQ1MO2JZZOZ_;3I20iG02H17xDC9EQ1_OxD,2x0_I84uX9GQNpgVxhQ60G
0JMrxujWf6M9BejhPq5F$v;3I20iG02H17xDC9EQ1_Ox2,2x0_I84uX9GQNpgVxhQ69H
0JMrxujWf6M9BejhPq5F_6;3I20iG02H17xDC9EQ1_Ox2,2x0_I84uX9GQNpgVxhQ69H
0JMrxujWf6M9BejhPq5F_3;3I20iG02H17xDC9EQ1_Ox2,2x0_I84uX9GQNpgVxhQ69H
0JMrxujWf6M9BejhPq5F_0;3I20iG02H17xDC9EQ1_Ox2,2x0_I84uX9GQNpgVxhQ69H
0JMrxujWf6M9BejhPq5F_D;3I20iG02H17xDC9EQ1_Ox2,2x0_I84uX9GQNpgVxhQ69H
2dd0u4Zxf6rQ1MO2JZZOZ$;3I20iG02H17xDC9EQ1_Ox7,2x0_I84uX9GQNpgVxhQ69K
2dd0u4Zxf6rQ1MO2JZZOZW;3I20iG02H17xDC9EQ1_Ox7,2x0_I84uX9GQNpgVxhQ69K
2dd0u4Zxf6rQ1MO2JZZOZX;3I20iG02H17xDC9EQ1_Ox7,2x0_I84uX9GQNpgVxhQ69K
2dd0u4Zxf6rQ1MO2JZZOZY;3I20iG02H17xDC9EQ1_Ox7,2x0_I84uX9GQNpgVxhQ69K
2dd0u4Zxf6rQ1MO2JZZOZZ;3I20iG02H17xDC9EQ1_Ox7,2x0_I84uX9GQNpgVxhQ69K
2AkaUtncr5BADrtw0AcFq_;3I20iG02H17xDC9EQ1_Ox4,2x0_I84uX9GQNpgVxhQ69h
2dd0u4Zxf6rQ1MO2JZZOZa;3I20iG02H17xDC9EQ1_Ox4,2x0_I84uX9GQNpgVxhQ69h
2dd0u4Zxf6rQ1MO2JZZOZd;3I20iG02H17xDC9EQ1_Ox4,2x0_I84uX9GQNpgVxhQ69h
2dd0u4Zxf6rQ1MO2JZZOZe;3I20iG02H17xDC9EQ1_Ox4,2x0_I84uX9GQNpgVxhQ69h
2dd0u4Zxf6rQ1MO2JZZOZf;3I20iG02H17xDC9EQ1_Ox4,2x0_I84uX9GQNpgVxhQ69h
0$4HjmXuHA1gIKV3v8O5w$;2URjRn7jf4DOr_gRKnm5c_,1dQ2conk1B68m5owLPJ5Go,1dQ2conk1B68m5owLPJ5Gn,1dQ2conk1B68m5owLPJ5Gc,2URjRn7jf4DOr_gRKnm5c1,2x0_I84uX9GQNpgVxhQ69I
3I20iG02H17xDC9EQ1_OxD;2dd0u4Zxf6rQ1MO2JZZOZw,2dd0u4Zxf6rQ1MO2JZZOZx,2dd0u4Zxf6rQ1MO2JZZOZy,2dd0u4Zxf6rQ1MO2JZZOZz,2dd0u4Zxf6rQ1MO2JZZOZ_,2x0_I84uX9GQNpgVxhQ60G
3I20iG02H17xDC9EQ1_Ox2;0JMrxujWf6M9BejhPq5F$v,0JMrxujWf6M9BejhPq5F_6,0JMrxujWf6M9BejhPq5F_3,0JMrxujWf6M9BejhPq5F_0,0JMrxujWf6M9BejhPq5F_D,2x0_I84uX9GQNpgVxhQ69H
3I20iG02H17xDC9EQ1_Ox7;2dd0u4Zxf6rQ1MO2JZZOZ$,2dd0u4Zxf6rQ1MO2JZZOZW,2dd0u4Zxf6rQ1MO2JZZOZX,2dd0u4Zxf6rQ1MO2JZZOZY,2dd0u4Zxf6rQ1MO2JZZOZZ,2x0_I84uX9GQNpgVxhQ69K
3I20iG02H17xDC9EQ1_Ox4;2AkaUtncr5BADrtw0AcFq_,2dd0u4Zxf6rQ1MO2JZZOZa,2dd0u4Zxf6rQ1MO2JZZOZd,2dd0u4Zxf6rQ1MO2JZZOZe,2dd0u4Zxf6rQ1MO2JZZOZf,2x0_I84uX9GQNpgVxhQ69h
2x0_I84uX9GQNpgVxhQ60G;2dd0u4Zxf6rQ1MO2JZZOZw,2dd0u4Zxf6rQ1MO2JZZOZx,2dd0u4Zxf6rQ1MO2JZZOZy,2dd0u4Zxf6rQ1MO2JZZOZz,2dd0u4Zxf6rQ1MO2JZZOZ_,3I20iG02H17xDC9EQ1_OxD
2x0_I84uX9GQNpgVxhQ69I;2URjRn7jf4DOr_gRKnm5c_,1dQ2conk1B68m5owLPJ5Go,1dQ2conk1B68m5owLPJ5Gn,1dQ2conk1B68m5owLPJ5Gc,2URjRn7jf4DOr_gRKnm5c1,0$4HjmXuHA1gIKV3v8O5w$
2x0_I84uX9GQNpgVxhQ69H;0JMrxujWf6M9BejhPq5F$v,0JMrxujWf6M9BejhPq5F_6,0JMrxujWf6M9BejhPq5F_3,0JMrxujWf6M9BejhPq5F_0,0JMrxujWf6M9BejhPq5F_D,3I20iG02H17xDC9EQ1_Ox2
2x0_I84uX9GQNpgVxhQ69K;2dd0u4Zxf6rQ1MO2JZZOZ$,2dd0u4Zxf6rQ1MO2JZZOZW,2dd0u4Zxf6rQ1MO2JZZOZX,2dd0u4Zxf6rQ1MO2JZZOZY,2dd0u4Zxf6rQ1MO2JZZOZZ,3I20iG02H17xDC9EQ1_Ox7
2x0_I84uX9GQNpgVxhQ69h;2AkaUtncr5BADrtw0AcFq_,2dd0u4Zxf6rQ1MO2JZZOZa,2dd0u4Zxf6rQ1MO2JZZOZd,2dd0u4Zxf6rQ1MO2JZZOZe,2dd0u4Zxf6rQ1MO2JZZOZf,3I20iG02H17xDC9EQ1_Ox4
