0gk3qfzOH6kxnIRT9BSke_;1fVeAkO8D2TuNA1A4JFmwN,15c3Q2Vqv7sQMfvSUpiveQ
1fVeAkO8D2TuNA1A4JFmw0;1fVeAkO8D2TuNA1A4JFmw7,15c3Q2Vqv7sQMfvSUpivcz
0CLyv4NS994PkZerBGM$Ix;32qdwx65PCqe5cz9$FoX4l,32qdwx65PCqe5cz9$FoX4Z
2NN_KPPD1BKuu1DVr6y$_Y;32qdwx65PCqe5cz9$FoXOi,32qdwx65PCqe5cz9$FoX4W,32qdwx65PCqe5cz9$FoX4W,1vfr4_6Un2jxCUMoRoRnV6
2UEOyVtEX5Vwa591QenYVq;32qdwx65PCqe5cz9$FoXOi,32qdwx65PCqe5cz9$FoXOh
2UEOyVtEX5Vwa591QenYMH;32qdwx65PCqe5cz9$FoX4W,1u0L0amN1ECQJyoEC9s6Q0
2NN_KPPD1BKuu1DVr6y$_X;32qdwx65PCqe5cz9$FoXOh,1vfr4_6Un2jxCUMoRoRnV6
2NN_KPPD1BKuu1DVr6y$_h;1fVeAkO8D2TuNA1A4JFmw8,1vfr4_6Un2jxCUMoRoRnV6
1fVeAkO8D2TuNA1A4JFmwJ;1fVeAkO8D2TuNA1A4JFmxl,1fVeAkO8D2TuNA1A4JFmwK
2NN_KPPD1BKuu1DVr6y$_i;1fVeAkO8D2TuNA1A4JFmxl,1vfr4_6Un2jxCUMoRoRnV6
2ck2nGdaj0g90SZS9xsWB6;15c3Q2Vqv7sQMfvSUpivcz,1fVeAkO8D2TuNA1A4JFmw6
1fVeAkO8D2TuNA1A4JFmwZ;15c3Q2Vqv7sQMfvSUpivcz,1fVeAkO8D2TuNA1A4JFmwo
1fVeAkO8D2TuNA1A4JFmwa;15c3Q2Vqv7sQMfvSUpivcz,1fVeAkO8D2TuNA1A4JFmwr
3jsXS_L1T1uf1MX3MjcV_A;15c3Q2Vqv7sQMfvSUpivcz,1fVeAkO8D2TuNA1A4JFmwq
15c3Q2Vqv7sQMfvSUpiuUe;15c3Q2Vqv7sQMfvSUpivcz,1fVeAkO8D2TuNA1A4JFmw4
1fVeAkO8D2TuNA1A4JFmxa;15c3Q2Vqv7sQMfvSUpiveQ,1fVeAkO8D2TuNA1A4JFmxg
1fVeAkO8D2TuNA1A4JFmxf;15c3Q2Vqv7sQMfvSUpiveQ,1fVeAkO8D2TuNA1A4JFmxj
2cIg1E9y1CNurp722kbRyq;0fHns_wFD4wBrejvLNoCaB,32qdwx65PCqe5cz9$FoX4Y
0MDULhUGv2YRIrFLzvf9Ix;32qdwx65PCqe5cz9$FoX4X,32qdwx65PCqe5cz9$FoX4Z
1$gJ2feCT6quvW5DWa0By7;32qdwx65PCqe5cz9$FoXOg,32qdwx65PCqe5cz9$FoXOf
1k2NbovaTAbQazhh8SpnZ7;32qdwx65PCqe5cz9$FoXOg,32qdwx65PCqe5cz9$FoXOe
2KRfn7Txv7hPRMBOVvIVFo;1fVeAkO8D2TuNA1A4JFmwp,1fVeAkO8D2TuNA1A4JFmwm
2KRfn7Txv7hPRMBOVvIVqA;1fVeAkO8D2TuNA1A4JFmwQ,1fVeAkO8D2TuNA1A4JFmwR
1uMjnTbVfElulYlGrQ2Xtv;32qdwx65PCqe5cz9$FoX4Y,32qdwx65PCqe5cz9$FoX4Z
33Yrurwv97LR3Zs_OTklpu;1$gJ2feCT6quvW5DWa0Brl,32qdwx65PCqe5cz9$FoXOe
03XzDA_un16wGolxerr0cK;221LmVV95Bm8UZFRyhPWG_,1vfr4_6Un2jxCUMoRoRnV6
03XzDA_un16wGolxerr0cN;221LmVV95Bm8UZFRyhPWG_,1vfr4_6Un2jxCUMoRoRnV6
