0qANgyD351dfgLlLTbN6oE;0iBPS19t56DA5z6oFsWh_T,3rgwfcE2f27wJfEto2sHhd,3rgwfcE2f27wJfEto2sHhc,0Y1giyEZ1DkfQ2arX$E2Q7
0qANgyD351dfgLlLTbN6jY;1$gJ2feCT6quvW5DWa0A5h,164KhNghLEJBGLRR2TeI1Z,3TN6eRjZvDOhZiACCpBFr8
0qANgyD351dfgLlLTbN6WE;3rgwfcE2f27wJfEto2sHhH,3rgwfcE2f27wJfEto2sHhG,164KhNghLEJBGLRR2TeI1Z
0qANgyD351dfgLlLTbN6KI;2UEOyVtEX5Vwa591Qenbkz,3rgwfcE2f27wJfEto2sHhH,2BQtz08ifFfuXtohbtT8VN
0qANgyD351dfgLlLTbN6JV;3rgwfcE2f27wJfEto2sHhZ,1Z67QQx7r1IOduJEsmztCs,3jTazq4xr7Pv9gnH1oXbUb
0qANgyD351dfgLlLTbN6I6;2UEOyVtEX5Vwa591QenbjA,3jTazq4xr7Pv9gnH1oXbUb,3jTazq4xr7Pv9gnH1oXbUc,37DbRwbJ90yh6KqxvafscP
2UEOyVtEX5Vwa591QenbjA;0qANgyD351dfgLlLTbN6I6,164KhNghLEJBGLRR2TeIv$,37DbRwbJ90yh6KqxvafscP,2_vHBkRv94WwJRxzoB8cck
2UEOyVtEX5Vwa591Qenbkz;0qANgyD351dfgLlLTbN6KI,0iBPS19t56DA5z6oFsWh_1
1$gJ2feCT6quvW5DWa0A5h;0qANgyD351dfgLlLTbN6jY,3rgwfcE2f27wJfEto2sHhZ,3rgwfcE2f27wJfEto2sHhL
0iBPS19t56DA5z6oFsWh_5;0iBPS19t56DA5z6oFsWh_4,0iBPS19t56DA5z6oFsWh_S,3rgwfcE2f27wJfEto2sHhX,1fVeAkO8D2TuNA1A4JFmwS,1fVeAkO8D2TuNA1A4JFmxX,2BrAer7kLBIAtJht6xezzI
0iBPS19t56DA5z6oFsWh_4;0iBPS19t56DA5z6oFsWh_5,0iBPS19t56DA5z6oFsWh_3,3rgwfcE2f27wJfEto2sHhx,2KRfn7Txv7hPRMBOVvIVL0,2KRfn7Txv7hPRMBOVvIVq5
0iBPS19t56DA5z6oFsWh_3;0iBPS19t56DA5z6oFsWh_4,0iBPS19t56DA5z6oFsWh_2,1fVeAkO8D2TuNA1A4JFmvQ,1fVeAkO8D2TuNA1A4JFmvT
0iBPS19t56DA5z6oFsWh_2;0iBPS19t56DA5z6oFsWh_3,0iBPS19t56DA5z6oFsWh_1,1fVeAkO8D2TuNA1A4JFmvR
0iBPS19t56DA5z6oFsWh_1;2UEOyVtEX5Vwa591Qenbkz,0iBPS19t56DA5z6oFsWh_2,0iBPS19t56DA5z6oFsWh_0,3rgwfcE2f27wJfEto2sHhH,1fVeAkO8D2TuNA1A4JFmwW,0MDULhUGv2YRIrFLzvf9Iz
0iBPS19t56DA5z6oFsWh_0;0iBPS19t56DA5z6oFsWh_1,0iBPS19t56DA5z6oFsWh_V,3rgwfcE2f27wJfEto2sHhL,2_vHBkRv94WwJRxzoB8ccf
0iBPS19t56DA5z6oFsWh_V;0iBPS19t56DA5z6oFsWh_0,3Xewz5udzEpgiP3H4uhBpP,1k2NbovaTAbQazhh8SpnZ4
0iBPS19t56DA5z6oFsWh_T;0qANgyD351dfgLlLTbN6oE,0iBPS19t56DA5z6oFsWh_S,3rgwfcE2f27wJfEto2sHhX
0iBPS19t56DA5z6oFsWh_S;0iBPS19t56DA5z6oFsWh_5,0iBPS19t56DA5z6oFsWh_T,3rgwfcE2f27wJfEto2sHhX
3rgwfcE2f27wJfEto2sHhu;3rgwfcE2f27wJfEto2sHhx,1fVeAkO8D2TuNA1A4JFmwA,1fVeAkO8D2TuNA1A4JFmwF,1fVeAkO8D2TuNA1A4JFmwM
3rgwfcE2f27wJfEto2sHhx;0iBPS19t56DA5z6oFsWh_4,3rgwfcE2f27wJfEto2sHhu,3rgwfcE2f27wJfEto2sHhw,3rgwfcE2f27wJfEto2sHhJ,1fVeAkO8D2TuNA1A4JFmwu,1fVeAkO8D2TuNA1A4JFmwD,1fVeAkO8D2TuNA1A4JFmwC,3QBTaJG_17khsZnHpMX8mR
3rgwfcE2f27wJfEto2sHhw;3rgwfcE2f27wJfEto2sHhx,3rgwfcE2f27wJfEto2sHhb,3rgwfcE2f27wJfEto2sHha,1fVeAkO8D2TuNA1A4JFmww,1fVeAkO8D2TuNA1A4JFmrZ
3rgwfcE2f27wJfEto2sHhb;3rgwfcE2f27wJfEto2sHhw,3rgwfcE2f27wJfEto2sHhH,1fVeAkO8D2TuNA1A4JFmwW,1fVeAkO8D2TuNA1A4JFmws,1fVeAkO8D2TuNA1A4JFmww,2NN_KPPD1BKuu1DVr6y$yt
3rgwfcE2f27wJfEto2sHha;3rgwfcE2f27wJfEto2sHhw,3rgwfcE2f27wJfEto2sHhX,1fVeAkO8D2TuNA1A4JFmrZ
3rgwfcE2f27wJfEto2sHhd;0qANgyD351dfgLlLTbN6oE,3rgwfcE2f27wJfEto2sHhc,3rgwfcE2f27wJfEto2sHhT,1iLrxOpIf3xuu_zsxT8Cyg
3rgwfcE2f27wJfEto2sHhc;0qANgyD351dfgLlLTbN6oE,3rgwfcE2f27wJfEto2sHhd,3rgwfcE2f27wJfEto2sHhX,3rgwfcE2f27wJfEto2sHhW,0Y1giyEZ1DkfQ2arX$E2Q7
3rgwfcE2f27wJfEto2sHhX;0iBPS19t56DA5z6oFsWh_5,0iBPS19t56DA5z6oFsWh_T,0iBPS19t56DA5z6oFsWh_S,3rgwfcE2f27wJfEto2sHha,3rgwfcE2f27wJfEto2sHhc,0ysUFNHGf6UvVTi623kh4y,0Y1giyEZ1DkfQ2arX$E2Q7,2KRfn7Txv7hPRMBOVvIUiE
3rgwfcE2f27wJfEto2sHhW;3rgwfcE2f27wJfEto2sHhc,0ysUFNHGf6UvVTi623kh4y
3rgwfcE2f27wJfEto2sHhZ;0qANgyD351dfgLlLTbN6JV,1$gJ2feCT6quvW5DWa0A5h,3rgwfcE2f27wJfEto2sHhL,3rgwfcE2f27wJfEto2sHhG
3rgwfcE2f27wJfEto2sHhL;1$gJ2feCT6quvW5DWa0A5h,0iBPS19t56DA5z6oFsWh_0,3rgwfcE2f27wJfEto2sHhZ,23h0hydtDBbft7Uw8iT5Mp,13UO$wGJnB8fVKOboe$1JC,2cIg1E9y1CNurp722kbRtJ,2QTTMu1QTEaOte1DkuEubm,3Xewz5udzEpgiP3H4uhBpP
3rgwfcE2f27wJfEto2sHhH;0qANgyD351dfgLlLTbN6WE,0qANgyD351dfgLlLTbN6KI,0iBPS19t56DA5z6oFsWh_1,3rgwfcE2f27wJfEto2sHhb,3rgwfcE2f27wJfEto2sHhG,3rgwfcE2f27wJfEto2sHhT,164KhNghLEJBGLRR2TeI1Z,2NN_KPPD1BKuu1DVr6y$yq
3rgwfcE2f27wJfEto2sHhG;0qANgyD351dfgLlLTbN6WE,3rgwfcE2f27wJfEto2sHhZ,3rgwfcE2f27wJfEto2sHhH
3rgwfcE2f27wJfEto2sHhJ;3rgwfcE2f27wJfEto2sHhx,1fVeAkO8D2TuNA1A4JFmwv,0gH0o$cUT64uesxET_N5po,1r0C3ZfY9Ffu8mpougXpZY
3rgwfcE2f27wJfEto2sHhT;3rgwfcE2f27wJfEto2sHhd,3rgwfcE2f27wJfEto2sHhH
23h0hydtDBbft7Uw8iT5Mp;3rgwfcE2f27wJfEto2sHhL,23h0hydtDBbft7Uw8iT5Mm,1k2NbovaTAbQazhh8SpnZ4
23h0hydtDBbft7Uw8iT5Mm;23h0hydtDBbft7Uw8iT5Mp,3TN6eRjZvDOhZiACCpBFr8,1k2NbovaTAbQazhh8SpnZ4
1fVeAkO8D2TuNA1A4JFmvR;0iBPS19t56DA5z6oFsWh_2,1fVeAkO8D2TuNA1A4JFmvT,2KRfn7Txv7hPRMBOVvIUWB
1fVeAkO8D2TuNA1A4JFmvQ;0iBPS19t56DA5z6oFsWh_3,2KRfn7Txv7hPRMBOVvIUWB
1fVeAkO8D2TuNA1A4JFmvT;0iBPS19t56DA5z6oFsWh_3,1fVeAkO8D2TuNA1A4JFmvR,2KRfn7Txv7hPRMBOVvIUWB
1fVeAkO8D2TuNA1A4JFmwW;0iBPS19t56DA5z6oFsWh_1,3rgwfcE2f27wJfEto2sHhb
1fVeAkO8D2TuNA1A4JFmwi;2KRfn7Txv7hPRMBOVvIVL7,2KRfn7Txv7hPRMBOVvIVL6
1fVeAkO8D2TuNA1A4JFmws;3rgwfcE2f27wJfEto2sHhb,1fVeAkO8D2TuNA1A4JFmwy
1fVeAkO8D2TuNA1A4JFmwv;3rgwfcE2f27wJfEto2sHhJ,1fVeAkO8D2TuNA1A4JFmwu,1fVeAkO8D2TuNA1A4JFmwx
1fVeAkO8D2TuNA1A4JFmwu;3rgwfcE2f27wJfEto2sHhx,1fVeAkO8D2TuNA1A4JFmwv,1fVeAkO8D2TuNA1A4JFmwx
1fVeAkO8D2TuNA1A4JFmwx;1fVeAkO8D2TuNA1A4JFmwv,1fVeAkO8D2TuNA1A4JFmwu,1fVeAkO8D2TuNA1A4JFmwz,1r0C3ZfY9Ffu8mpougXpZY
1fVeAkO8D2TuNA1A4JFmww;3rgwfcE2f27wJfEto2sHhw,3rgwfcE2f27wJfEto2sHhb,1fVeAkO8D2TuNA1A4JFmwz,1fVeAkO8D2TuNA1A4JFmwy
1fVeAkO8D2TuNA1A4JFmwz;1fVeAkO8D2TuNA1A4JFmwx,1fVeAkO8D2TuNA1A4JFmww,1r0C3ZfY9Ffu8mpougXpZY
1fVeAkO8D2TuNA1A4JFmwy;1fVeAkO8D2TuNA1A4JFmws,1fVeAkO8D2TuNA1A4JFmww
1fVeAkO8D2TuNA1A4JFmwA;3rgwfcE2f27wJfEto2sHhu,1fVeAkO8D2TuNA1A4JFmwD
1fVeAkO8D2TuNA1A4JFmwD;3rgwfcE2f27wJfEto2sHhx,1fVeAkO8D2TuNA1A4JFmwA
1fVeAkO8D2TuNA1A4JFmwC;3rgwfcE2f27wJfEto2sHhx,3QBTaJG_17khsZnHpMX8mO
1fVeAkO8D2TuNA1A4JFmwF;3rgwfcE2f27wJfEto2sHhu,3QBTaJG_17khsZnHpMX8mQ
1fVeAkO8D2TuNA1A4JFmwM;3rgwfcE2f27wJfEto2sHhu,2KRfn7Txv7hPRMBOVvIVqB
1fVeAkO8D2TuNA1A4JFmwT;1fVeAkO8D2TuNA1A4JFmwS,1fVeAkO8D2TuNA1A4JFmwV
1fVeAkO8D2TuNA1A4JFmwS;0iBPS19t56DA5z6oFsWh_5,1fVeAkO8D2TuNA1A4JFmwT
1fVeAkO8D2TuNA1A4JFmwV;1fVeAkO8D2TuNA1A4JFmwT,1fVeAkO8D2TuNA1A4JFmwU,2KRfn7Txv7hPRMBOVvIUiE
1fVeAkO8D2TuNA1A4JFmwU;1fVeAkO8D2TuNA1A4JFmwV,1fVeAkO8D2TuNA1A4JFmxX
1fVeAkO8D2TuNA1A4JFmxX;0iBPS19t56DA5z6oFsWh_5,1fVeAkO8D2TuNA1A4JFmwU
1fVeAkO8D2TuNA1A4JFmqk;2KRfn7Txv7hPRMBOVvIVq4,2KRfn7Txv7hPRMBOVvIVqB
1fVeAkO8D2TuNA1A4JFmrZ;3rgwfcE2f27wJfEto2sHhw,3rgwfcE2f27wJfEto2sHha,1fVeAkO8D2TuNA1A4JFmrY
1fVeAkO8D2TuNA1A4JFmrY;1fVeAkO8D2TuNA1A4JFmrZ,3QBTaJG_17khsZnHpMX8mQ
1uMjnTbVfElulYlGrQ2Xti;0MDULhUGv2YRIrFLzvf9Iz,0MDULhUGv2YRIrFLzvf9Iy
164KhNghLEJBGLRR2TeIvz;164KhNghLEJBGLRR2TeIv_,2_vHBkRv94WwJRxzoB8cck,2_vHBkRv94WwJRxzoB8ccf
164KhNghLEJBGLRR2TeIv_;164KhNghLEJBGLRR2TeIvz,164KhNghLEJBGLRR2TeIv$,0MDULhUGv2YRIrFLzvf9Iy
164KhNghLEJBGLRR2TeIv$;2UEOyVtEX5Vwa591QenbjA,164KhNghLEJBGLRR2TeIv_,2_vHBkRv94WwJRxzoB8cck
164KhNghLEJBGLRR2TeI1Z;0qANgyD351dfgLlLTbN6jY,0qANgyD351dfgLlLTbN6WE,3rgwfcE2f27wJfEto2sHhH
0ysUFNHGf6UvVTi623kh4y;3rgwfcE2f27wJfEto2sHhX,3rgwfcE2f27wJfEto2sHhW
0Y1giyEZ1DkfQ2arX$E2Q7;0qANgyD351dfgLlLTbN6oE,3rgwfcE2f27wJfEto2sHhc,3rgwfcE2f27wJfEto2sHhX
13UO$wGJnB8fVKOboe$1JC;3rgwfcE2f27wJfEto2sHhL,13UO$wGJnB8fVKOboe$1J3
13UO$wGJnB8fVKOboe$1J3;13UO$wGJnB8fVKOboe$1JC,2QTTMu1QTEaOte1DkuEubm
2NN_KPPD1BKuu1DVr6y$yq;3rgwfcE2f27wJfEto2sHhH,2NN_KPPD1BKuu1DVr6y$yt
2NN_KPPD1BKuu1DVr6y$yt;3rgwfcE2f27wJfEto2sHhb,2NN_KPPD1BKuu1DVr6y$yq
2cIg1E9y1CNurp722kbRtI;2cIg1E9y1CNurp722kbRtJ,2QTTMu1QTEaOte1DkuEubm
2cIg1E9y1CNurp722kbRtJ;3rgwfcE2f27wJfEto2sHhL,2cIg1E9y1CNurp722kbRtI
0gH0o$cUT64uesxET_N5po;3rgwfcE2f27wJfEto2sHhJ,2KRfn7Txv7hPRMBOVvIVL6
2QTTMu1QTEaOte1DkuEubm;3rgwfcE2f27wJfEto2sHhL,13UO$wGJnB8fVKOboe$1J3,2cIg1E9y1CNurp722kbRtI,3jTazq4xr7Pv9gnH1oXbUc
1Z67QQx7r1IOduJEsmztCs;0qANgyD351dfgLlLTbN6JV,3jTazq4xr7Pv9gnH1oXbUb,37DbRwbJ90yh6KqxvafscP,37DbRwbJ90yh6KqxvafscU
3TN6eRjZvDOhZiACCpBFr8;0qANgyD351dfgLlLTbN6jY,23h0hydtDBbft7Uw8iT5Mm
3QBTaJG_17khsZnHpMX8mO;1fVeAkO8D2TuNA1A4JFmwC,3QBTaJG_17khsZnHpMX8mR,3QBTaJG_17khsZnHpMX8mQ
3QBTaJG_17khsZnHpMX8mR;3rgwfcE2f27wJfEto2sHhx,3QBTaJG_17khsZnHpMX8mO
3QBTaJG_17khsZnHpMX8mQ;1fVeAkO8D2TuNA1A4JFmwF,1fVeAkO8D2TuNA1A4JFmrY,3QBTaJG_17khsZnHpMX8mO
1iLrxOpIf3xuu_zsxT8Cyg;3rgwfcE2f27wJfEto2sHhd
3Xewz5udzEpgiP3H4uhBpP;0iBPS19t56DA5z6oFsWh_V,3rgwfcE2f27wJfEto2sHhL
1r0C3ZfY9Ffu8mpougXpZY;3rgwfcE2f27wJfEto2sHhJ,1fVeAkO8D2TuNA1A4JFmwx,1fVeAkO8D2TuNA1A4JFmwz
2BQtz08ifFfuXtohbtT8VN;0qANgyD351dfgLlLTbN6KI
2KRfn7Txv7hPRMBOVvIUiE;3rgwfcE2f27wJfEto2sHhX,1fVeAkO8D2TuNA1A4JFmwV
2KRfn7Txv7hPRMBOVvIUWB;1fVeAkO8D2TuNA1A4JFmvR,1fVeAkO8D2TuNA1A4JFmvQ,1fVeAkO8D2TuNA1A4JFmvT
2KRfn7Txv7hPRMBOVvIVL0;0iBPS19t56DA5z6oFsWh_4,2KRfn7Txv7hPRMBOVvIVL7
2KRfn7Txv7hPRMBOVvIVL7;1fVeAkO8D2TuNA1A4JFmwi,2KRfn7Txv7hPRMBOVvIVL0
2KRfn7Txv7hPRMBOVvIVL6;1fVeAkO8D2TuNA1A4JFmwi,0gH0o$cUT64uesxET_N5po
2KRfn7Txv7hPRMBOVvIVq5;0iBPS19t56DA5z6oFsWh_4,2KRfn7Txv7hPRMBOVvIVq4
2KRfn7Txv7hPRMBOVvIVq4;1fVeAkO8D2TuNA1A4JFmqk,2KRfn7Txv7hPRMBOVvIVq5
2KRfn7Txv7hPRMBOVvIVqB;1fVeAkO8D2TuNA1A4JFmwM,1fVeAkO8D2TuNA1A4JFmqk
0MDULhUGv2YRIrFLzvf9Iz;0iBPS19t56DA5z6oFsWh_1,1uMjnTbVfElulYlGrQ2Xti
0MDULhUGv2YRIrFLzvf9Iy;1uMjnTbVfElulYlGrQ2Xti,164KhNghLEJBGLRR2TeIv_
1k2NbovaTAbQazhh8SpnZ4;0iBPS19t56DA5z6oFsWh_V,23h0hydtDBbft7Uw8iT5Mp,23h0hydtDBbft7Uw8iT5Mm
2GaXAMVIj4DA0gM$2rDsI7;2GaXAMVIj4DA0gM$2rDsI6
2GaXAMVIj4DA0gM$2rDsI6;2GaXAMVIj4DA0gM$2rDsI7,2_vHBkRv94WwJRxzoB8ccf
2BrAer7kLBIAtJht6xezzI;0iBPS19t56DA5z6oFsWh_5
3jTazq4xr7Pv9gnH1oXbUb;0qANgyD351dfgLlLTbN6JV,0qANgyD351dfgLlLTbN6I6,1Z67QQx7r1IOduJEsmztCs,3jTazq4xr7Pv9gnH1oXbUc
3jTazq4xr7Pv9gnH1oXbUc;0qANgyD351dfgLlLTbN6I6,2QTTMu1QTEaOte1DkuEubm,3jTazq4xr7Pv9gnH1oXbUb
37DbRwbJ90yh6KqxvafscP;0qANgyD351dfgLlLTbN6I6,2UEOyVtEX5Vwa591QenbjA,1Z67QQx7r1IOduJEsmztCs
37DbRwbJ90yh6KqxvafscU;1Z67QQx7r1IOduJEsmztCs
2_vHBkRv94WwJRxzoB8cck;2UEOyVtEX5Vwa591QenbjA,164KhNghLEJBGLRR2TeIvz,164KhNghLEJBGLRR2TeIv$,2_vHBkRv94WwJRxzoB8ccf
2_vHBkRv94WwJRxzoB8ccf;0iBPS19t56DA5z6oFsWh_0,164KhNghLEJBGLRR2TeIvz,2GaXAMVIj4DA0gM$2rDsI6,2_vHBkRv94WwJRxzoB8cck
