1HylGAqJD0uv9yr3fZuF8U;0JJPX09TP2chIeH4t3iTbQ
0Nh2ti_IzAPALDMWSwga0L;05J4ORFnv3Wvu8nBcyOyvD,3nWmru3JD6bfNnaHyEiEyX
1HylGAqJD0uv9yr3fZuF8S;05J4ORFnv3Wvu8nBcyOyvD,3nWmru3JD6bfNnaHyEiEyX
2BjGn5BSL5uBNeTsXP$kst;1JGAEnUg97sOTfJWbfJUgq,3nWmru3JD6bfNnaHyEiEzJ
3llWEk0qb5QfCQR$_KF82s;1JGAEnUg97sOTfJWbfJUgq,3nWmru3JD6bfNnaHyEiEzJ
3llWEk0qb5QfCQR$_KF81e;1JGAEnUg97sOTfJWbfJUgq,3nWmru3JD6bfNnaHyEiEzJ
1HylGAqJD0uv9yr3fZuF83;3nWmru3JD6bfNnaHyEiEyh
1HylGAqJD0uv9yr3fZuF9Y;3nWmru3JD6bfNnaHyEiE2q
101bFFwEn8vAOK155EIghY;3nWmru3JD6bfNnaHyEiE2q,0OZPhaYvz2wexxzbfuv$Bn
1HylGAqJD0uv9yr3fZuF9e;3nWmru3JD6bfNnaHyEiE13,0OZPhaYvz2wexxzbfuv$Bp
1e1OWFPwj3HugODlS9BuHZ;0JJPX09TP2chIeH4t3iTZr,0uEj5VGk11LOs4g9Rbp1Xh
1HylGAqJD0uv9yr3fZuF8L;0JJPX09TP2chIeH4t3iTZr,0uEj5VGk11LOs4g9Rbp1Xh
1HylGAqJD0uv9yr3fZuF9d;0W3ToNVqz5iPnuootYnfAq,0W3ToNVqz5iPnuootYnfAq,0OZPhaYvz2wexxzbfuv$Bt,0OZPhaYvz2wexxzbfuv$Bt
1HylGAqJD0uv9yr3fZuF8M;3nWmru3JD6bfNnaHyEiEyt
101bFFwEn8vAOK155EIgtd;3nWmru3JD6bfNnaHyEiE1T
1HylGAqJD0uv9yr3fZuF85;3nWmru3JD6bfNnaHyEiE_$
1HylGAqJD0uv9yr3fZuF9a;3nWmru3JD6bfNnaHyEiE2w
1HylGAqJD0uv9yr3fZuF8T;0W3ToNVqz5iPnuootYnfAo
101bFFwEn8vAOK155EIgs9;0JJPX09TP2chIeH4t3iTab
1HylGAqJD0uv9yr3fZuF8I;0JJPX09TP2chIeH4t3iTaa
1HylGAqJD0uv9yr3fZuF9b;3nWmru3JD6bfNnaHyEiE2v
1HylGAqJD0uv9yr3fZuF8Q;0W3ToNVqz5iPnuootYnfAr
1HylGAqJD0uv9yr3fZuF87;3nWmru3JD6bfNnaHyEiEye
1HylGAqJD0uv9yr3fZuF86;3nWmru3JD6bfNnaHyEiE_W
0Nh2ti_IzAPALDMWSwgaCA;3nWmru3JD6bfNnaHyEiEyX
1HylGAqJD0uv9yr3fZuF82;3nWmru3JD6bfNnaHyEiEzJ
1HylGAqJD0uv9yr3fZuF9Z;3nWmru3JD6bfNnaHyEiE2r,0OZPhaYvz2wexxzbfuv$Bn
1HylGAqJD0uv9yr3fZuF9f;3nWmru3JD6bfNnaHyEiE1S
101bFFwEn8vAOK155EIgja;3nWmru3JD6bfNnaHyEiE1S,0OZPhaYvz2wexxzbfuv$Bp
1HylGAqJD0uv9yr3fZuF8K;0JJPX09TP2chIeH4t3iTbu
1HylGAqJD0uv9yr3fZuF8R;0W3ToNVqz5iPnuootYnfAt
3OJdBK1sPD4gmVW6vPHKwm;0W3ToNVqz5iPnuootYnfAt,0OZPhaYvz2wexxzbfuv$Bt
0N$w_tAsD5xgqR9zRKOJe$;0uEj5VGk11LOs4g9Rbp1X5,0uEj5VGk11LOs4g9Rbp1X5,3uee8VUj1Bxf$nGxZclIr7,3uee8VUj1Bxf$nGxZclIr8
0N$w_tAsD5xgqR9zRKOJec;0uEj5VGk11LOs4g9Rbp1X5,3uee8VUj1Bxf$nGxZclIr8
0N$w_tAsD5xgqR9zRKOJeo;3uee8VUj1Bxf$nGxZclIq7
0N$w_tAsD5xgqR9zRKOJez;3uee8VUj1Bxf$nGxZclIq8
0N$w_tAsD5xgqR9zRKOJey;3uee8VUj1Bxf$nGxZclIr7
