2BWX4TR0f6kxOj9DspOyNv;2BWX4TR0f6kxOj9DspOyMu,2BWX4TR0f6kxOj9DspOyNd
2BWX4TR0f6kxOj9DspOyNx;2BWX4TR0f6kxOj9DspOyMU,2BWX4TR0f6kxOj9DspOyNd
2BWX4TR0f6kxOj9DspOzhh;2BWX4TR0f6kxOj9DspOyMT,2BWX4TR0f6kxOj9DspOyMJ
2BWX4TR0f6kxOj9DspOyN$;2BWX4TR0f6kxOj9DspOyMS,2BWX4TR0f6kxOj9DspOyNd
2BWX4TR0f6kxOj9DspOyMw;2BWX4TR0f6kxOj9DspOyMH,2BWX4TR0f6kxOj9DspOyMG
0F3GNFyX11HPrJ8Qx_LlPg;2BWX4TR0f6kxOj9DspOyMH,2BWX4TR0f6kxOj9DspOzgA
0F3GNFyX11HPrJ8Qx_LlPk;2BWX4TR0f6kxOj9DspOyMG,3FTYiKjs1FHBDZf$XX$G_R
2BWX4TR0f6kxOj9DspOyNw;2BWX4TR0f6kxOj9DspOyNn,2BWX4TR0f6kxOj9DspOyNd
0F3GNFyX11HPrJ8Qx_LlPe;2BWX4TR0f6kxOj9DspOzfW,3FTYiKjs1FHBDZf$XX$G_R,3FTYiKjs1FHBDZf$XX$G_R
2BWX4TR0f6kxOj9DspOze4;2BWX4TR0f6kxOj9DspOzfc,2BWX4TR0f6kxOj9DspOzfa
2BWX4TR0f6kxOj9DspOzeN;2BWX4TR0f6kxOj9DspOzfb,2BWX4TR0f6kxOj9DspOzfR
2BWX4TR0f6kxOj9DspOze2;2BWX4TR0f6kxOj9DspOzfR,2BWX4TR0f6kxOj9DspOzfQ
2BWX4TR0f6kxOj9DspOzeG;2BWX4TR0f6kxOj9DspOzfR,2BWX4TR0f6kxOj9DspOzfP
0xJj_rwfb5J9aoOn4ix50Z;2BWX4TR0f6kxOj9DspOzfR,2BWX4TR0f6kxOj9DspOzgu
0F3GNFyX11HPrJ8Qx_LlPH;3FTYiKjs1FHBDZf$XX$G_R,3FTYiKjs1FHBDZf$XX$G_Q
0F3GNFyX11HPrJ8Qx_LlPf;3FTYiKjs1FHBDZf$XX$G_R,2eAZvXReD5rxCsRcBVQxEq
2eAZvXReD5rxCsRcBVQxFE;2eAZvXReD5rxCsRcBVQxEu,2eAZvXReD5rxCsRcBVQxEr
2eAZvXReD5rxCsRcBVQxFF;2eAZvXReD5rxCsRcBVQxEu,2eAZvXReD5rxCsRcBVQxEr
2eAZvXReD5rxCsRcBVQxEz;2eAZvXReD5rxCsRcBVQxEt,2eAZvXReD5rxCsRcBVQxEq
2eAZvXReD5rxCsRcBVQxFB;2eAZvXReD5rxCsRcBVQxEs,2eAZvXReD5rxCsRcBVQxEr
