2BWX4TR0f6kxOj9DspOyMJ;2BWX4TR0f6kxOj9DspOyMI,2BWX4TR0f6kxOj9DspOyNd
2BWX4TR0f6kxOj9DspOyMI;2BWX4TR0f6kxOj9DspOyMJ,2BWX4TR0f6kxOj9DspOyNd
2BWX4TR0f6kxOj9DspOyNd;2BWX4TR0f6kxOj9DspOyMJ,2BWX4TR0f6kxOj9DspOyMI,2BWX4TR0f6kxOj9DspOyMG
2BWX4TR0f6kxOj9DspOyMG;2BWX4TR0f6kxOj9DspOyNd
2BWX4TR0f6kxOj9DspOzfW;2BWX4TR0f6kxOj9DspOzfc,2BWX4TR0f6kxOj9DspOzfd
2BWX4TR0f6kxOj9DspOzfc;2BWX4TR0f6kxOj9DspOzfW,2BWX4TR0f6kxOj9DspOzfd,2BWX4TR0f6kxOj9DspOzfR
2BWX4TR0f6kxOj9DspOzfd;2BWX4TR0f6kxOj9DspOzfW,2BWX4TR0f6kxOj9DspOzfc
2BWX4TR0f6kxOj9DspOzfR;2BWX4TR0f6kxOj9DspOzfc
2eAZvXReD5rxCsRcBVQxEu;2eAZvXReD5rxCsRcBVQxEn
2eAZvXReD5rxCsRcBVQxEn;2eAZvXReD5rxCsRcBVQxEu
2eAZvXReD5rxCsRcBVQxEr;2eAZvXReD5rxCsRcBVQxEq,2eAZvXReD5rxCsRcBVQxEq
