2BWX4TR0f6kxOj9DspOyMu;1jdFRSJ$H28g9RdT4gD1T$,1jdFRSJ$H28g9RdT4gD1Ty,10j3vfs0v9KQvwTGGd$NgH,2BWX4TR0f6kxOj9DspOyNy,3xDiDpx$nB2hLMfVxR_uby,3xDiDpx$nB2hLMfVxR_ub$,2BWX4TR0f6kxOj9DspOyN_,1zSSm83_HDE9$m_gaTXb$T,3xDiDpx$nB2hLMfVxR_ub_,3xDiDpx$nB2hLMfVxR_ubz,1jdFRSJ$H28g9RdT4gD1T$,0MhF3zuEzBXwC_J$8wDC9V
2BWX4TR0f6kxOj9DspOyMU;2BWX4TR0f6kxOj9DspOyNy,1jdFRSJ$H28g9RdT4gD1T$,0MhF3zuEzBXwC_J$8wDC9V,0ami_Pw1b3M8bXapYJyMu5,0ami_Pw1b3M8bXapYJyMu4,2V0bmays95pR3l2kZG4uOB,3FTYiKjs1FHBDZf$XX$G$p,0pyqDFj1b8ou1XMGj0fedn,2BWX4TR0f6kxOj9DspOzgc,2BWX4TR0f6kxOj9DspOyMz,2BWX4TR0f6kxOj9DspOyME,3kCZLnWtvEzg0cz5DmHZG$,1jdFRSJ$H28g9RdT4gD1T$,0MhF3zuEzBXwC_J$8wDC9V,0F3GNFyX11HPrJ8Qx_LlP8
2BWX4TR0f6kxOj9DspOyMT;3xDiDpx$nB2hLMfVxR_uby,3xDiDpx$nB2hLMfVxR_ub$,10j3vfs0v9KQvwTGGd$NgH,2BWX4TR0f6kxOj9DspOyMy,3xDiDpx$nB2hLMfVxR_ub$,2BWX4TR0f6kxOj9DspOzhq,3bmsvJtpP2Lw7375p3CrnE
2BWX4TR0f6kxOj9DspOyMS;2BWX4TR0f6kxOj9DspOyN_,1zSSm83_HDE9$m_gaTXb$T,3xDiDpx$nB2hLMfVxR_ub_,2BWX4TR0f6kxOj9DspOyMy,3xDiDpx$nB2hLMfVxR_ub$,2BWX4TR0f6kxOj9DspOzhq,2BWX4TR0f6kxOj9DspOyMp,2BWX4TR0f6kxOj9DspOyMp,2BWX4TR0f6kxOj9DspOzhq
2BWX4TR0f6kxOj9DspOyMJ;2BWX4TR0f6kxOj9DspOzhq,3bmsvJtpP2Lw7375p3CrnE,2BWX4TR0f6kxOj9DspOzhq,1jdFRSJ$H28g9RdT4gD1TW,2BWX4TR0f6kxOj9DspOyMX,2BWX4TR0f6kxOj9DspOyMW,10j3vfs0v9KQvwTGGd$NgH,1jdFRSJ$H28g9RdT4gD1TX,1jdFRSJ$H28g9RdT4gD1Q6,0MhF3zuEzBXwC_J$8wDFqr
2BWX4TR0f6kxOj9DspOyMI;1jdFRSJ$H28g9RdT4gD1Q6,0MhF3zuEzBXwC_J$8wDFqr,2BWX4TR0f6kxOj9DspOyLD,2BWX4TR0f6kxOj9DspOyMW,2BWX4TR0f6kxOj9DspOyMd,2BWX4TR0f6kxOj9DspOyLD,2BWX4TR0f6kxOj9DspOyMg,1jdFRSJ$H28g9RdT4gD1Q6,0MhF3zuEzBXwC_J$8wDFqr
2BWX4TR0f6kxOj9DspOyMH;2BWX4TR0f6kxOj9DspOyLD,0I$rroJjr9rR99WWuVt7Iv,3FTYiKjs1FHBDZf$XX$G_3,0pyqDFj1b8ou1XMGj0ff4C,0F3GNFyX11HPrJ8Qx_Ll6t,2BWX4TR0f6kxOj9DspOyM_,2BWX4TR0f6kxOj9DspOyM_,0I$rroJjr9rR99WWuVt7I7,0F3GNFyX11HPrJ8Qx_LlPY
2BWX4TR0f6kxOj9DspOyMG;2BWX4TR0f6kxOj9DspOyM_,2BWX4TR0f6kxOj9DspOyM_,0I$rroJjr9rR99WWuVt7I7,3FTYiKjs1FHBDZf$XX$G_F,3FTYiKjs1FHBDZf$XX$G$n,0F3GNFyX11HPrJ8Qx_Ll6t,2BWX4TR0f6kxOj9DspOyM6,2BWX4TR0f6kxOj9DspOzhg,0F3GNFyX11HPrJ8Qx_Ll6t,2BWX4TR0f6kxOj9DspOzgQ,3FTYiKjs1FHBDZf$XX$G_F,0F3GNFyX11HPrJ8Qx_LlPZ
2BWX4TR0f6kxOj9DspOyNn;2BWX4TR0f6kxOj9DspOzgc,2BWX4TR0f6kxOj9DspOyM6,0ami_Pw1b3M8bXapYJyMu7,2V0bmays95pR3l2kZG4uOB,0F3GNFyX11HPrJ8Qx_LlP2,2BWX4TR0f6kxOj9DspOyME,2BWX4TR0f6kxOj9DspOzhg,0F3GNFyX11HPrJ8Qx_LlP2
2BWX4TR0f6kxOj9DspOyNd;3xDiDpx$nB2hLMfVxR_ubz,2BWX4TR0f6kxOj9DspOyMz,2BWX4TR0f6kxOj9DspOyME,3kCZLnWtvEzg0cz5DmHZG$,2BWX4TR0f6kxOj9DspOyMp,2BWX4TR0f6kxOj9DspOyMp,2BWX4TR0f6kxOj9DspOzhq,2BWX4TR0f6kxOj9DspOyMg,2BWX4TR0f6kxOj9DspOzhg,2BWX4TR0f6kxOj9DspOyME,2BWX4TR0f6kxOj9DspOzhg,2BWX4TR0f6kxOj9DspOyMc
2BWX4TR0f6kxOj9DspOzfW;2BWX4TR0f6kxOj9DspOzfo,2BWX4TR0f6kxOj9DspOzf3,2BWX4TR0f6kxOj9DspOzgV,2eAZvXReD5rxCsRcBVQx9t,0F3GNFyX11HPrJ8Qx_LlP5,0F3GNFyX11HPrJ8Qx_LlP5,0F3GNFyX11HPrJ8Qx_Ll6q,0F3GNFyX11HPrJ8Qx_Ll6s,2BWX4TR0f6kxOj9DspOzeM,2BWX4TR0f6kxOj9DspOzhs,2BWX4TR0f6kxOj9DspOzfz,2BWX4TR0f6kxOj9DspOzfo,2BWX4TR0f6kxOj9DspOzgV,2BWX4TR0f6kxOj9DspOzhf,0F3GNFyX11HPrJ8Qx_LlPK,0F3GNFyX11HPrJ8Qx_Ll6s,0F3GNFyX11HPrJ8Qx_LlPW,0F3GNFyX11HPrJ8Qx_LlP5,3FTYiKjs1FHBDZf$XX$G$B,3FTYiKjs1FHBDZf$XX$G$B,0F3GNFyX11HPrJ8Qx_Ll6q
2BWX4TR0f6kxOj9DspOzfd;2BWX4TR0f6kxOj9DspOzeM,2BWX4TR0f6kxOj9DspOzhs,1jdFRSJ$H28g9RdT4gD1Tv,3FTYiKjs1FHBDZf$XX$G$F,0F3GNFyX11HPrJ8Qx_Ll6m,2BWX4TR0f6kxOj9DspOzfy,2BWX4TR0f6kxOj9DspOzfp,2BWX4TR0f6kxOj9DspOzhs,2BWX4TR0f6kxOj9DspOzhr,2BWX4TR0f6kxOj9DspOzfz,2BWX4TR0f6kxOj9DspOzfy,0F3GNFyX11HPrJ8Qx_Ll6m,1jdFRSJ$H28g9RdT4gD1Tx,0MhF3zuEzBXwC_J$8wDFqq
2BWX4TR0f6kxOj9DspOzfc;2BWX4TR0f6kxOj9DspOzfz,2BWX4TR0f6kxOj9DspOzfo,2BWX4TR0f6kxOj9DspOzfz,2BWX4TR0f6kxOj9DspOzfy,1jdFRSJ$H28g9RdT4gD1Tx,2BWX4TR0f6kxOj9DspOzfz,2BWX4TR0f6kxOj9DspOzhf,2BWX4TR0f6kxOj9DspOzg$,2BWX4TR0f6kxOj9DspOzeJ,2BWX4TR0f6kxOj9DspOzhf,1jdFRSJ$H28g9RdT4gD1Tx,0MhF3zuEzBXwC_J$8wDFqq,0MhF3zuEzBXwC_J$8wDFqq
2BWX4TR0f6kxOj9DspOzfb;2BWX4TR0f6kxOj9DspOzg$,2BWX4TR0f6kxOj9DspOzfn,2BWX4TR0f6kxOj9DspOzfm,10j3vfs0v9KQvwTGGd$NZY,2BWX4TR0f6kxOj9DspOzhe,2BWX4TR0f6kxOj9DspOzg$,2BWX4TR0f6kxOj9DspOzg$,2BWX4TR0f6kxOj9DspOzhk
2BWX4TR0f6kxOj9DspOzfa;2BWX4TR0f6kxOj9DspOzeJ,2BWX4TR0f6kxOj9DspOzhe,1jdFRSJ$H28g9RdT4gD1Tu,10j3vfs0v9KQvwTGGd$NZj
2BWX4TR0f6kxOj9DspOzfR;2BWX4TR0f6kxOj9DspOzg$,2BWX4TR0f6kxOj9DspOzgO,2BWX4TR0f6kxOj9DspOzeI,2BWX4TR0f6kxOj9DspOzeS,3xDiDpx$nB2hLMfVxR_uIF,2BWX4TR0f6kxOj9DspOzeI,2BWX4TR0f6kxOj9DspOzgO,2BWX4TR0f6kxOj9DspOzgO
2BWX4TR0f6kxOj9DspOzfQ;2BWX4TR0f6kxOj9DspOzeI,1jdFRSJ$H28g9RdT4gD1Q2,1jdFRSJ$H28g9RdT4gD1Q3,0MhF3zuEzBXwC_J$8wDC9H,2BWX4TR0f6kxOj9DspOzgv,2BWX4TR0f6kxOj9DspOzeI,2BWX4TR0f6kxOj9DspOzgv,3FTYiKjs1FHBDZf$XX$G$$,0F3GNFyX11HPrJ8Qx_LlP0,2BWX4TR0f6kxOj9DspOzgv,0F3GNFyX11HPrJ8Qx_LlP0
2BWX4TR0f6kxOj9DspOzfP;2BWX4TR0f6kxOj9DspOzg$,2BWX4TR0f6kxOj9DspOzhk,2BWX4TR0f6kxOj9DspOzeS,3xDiDpx$nB2hLMfVxR_uIF,2BWX4TR0f6kxOj9DspOzeI,1jdFRSJ$H28g9RdT4gD1Q2,1jdFRSJ$H28g9RdT4gD1Q3,0MhF3zuEzBXwC_J$8wDC9H,2BWX4TR0f6kxOj9DspOzfm,1G1NcEL_X3bxAX3yk1c_cI,2b_tLCFpTFY81K45HP8hTz,10j3vfs0v9KQvwTGGd$NZZ
2BWX4TR0f6kxOj9DspOzgu;2BWX4TR0f6kxOj9DspOzgV,2BWX4TR0f6kxOj9DspOzhf,2BWX4TR0f6kxOj9DspOzhf,2BWX4TR0f6kxOj9DspOzeI,2BWX4TR0f6kxOj9DspOzgO,2BWX4TR0f6kxOj9DspOzgO,2BWX4TR0f6kxOj9DspOzgv,0F3GNFyX11HPrJ8Qx_Ll6y,24ehxT1G9FBvYY3TFZpQEC,0F3GNFyX11HPrJ8Qx_Ll6y
2BWX4TR0f6kxOj9DspOzgA;0F3GNFyX11HPrJ8Qx_LlPY,3FTYiKjs1FHBDZf$XX$G_3,0pyqDFj1b8ou1XMGj0ff4F,0NxEzKFBP6lRwXzsHhCA05,0F3GNFyX11HPrJ8Qx_Ll6u
3FTYiKjs1FHBDZf$XX$G_R;0F3GNFyX11HPrJ8Qx_Ll6t,0F3GNFyX11HPrJ8Qx_LlPK,0F3GNFyX11HPrJ8Qx_Ll6s,0F3GNFyX11HPrJ8Qx_Ll6m,0NxEzKFBP6lRwXzsHhCA05,0F3GNFyX11HPrJ8Qx_Ll6u,2BWX4TR0f6kxOj9DspOzhr,3FTYiKjs1FHBDZf$XX$G_E,0pyqDFj1b8ou1XMGj0fejs,0pyqDFj1b8ou1XMGj0ff4F,0F3GNFyX11HPrJ8Qx_LlPW,0F3GNFyX11HPrJ8Qx_LlPY,0F3GNFyX11HPrJ8Qx_LlPY,0F3GNFyX11HPrJ8Qx_LlPi,0F3GNFyX11HPrJ8Qx_Ll6s,0F3GNFyX11HPrJ8Qx_Ll6z,0F3GNFyX11HPrJ8Qx_Ll6z,3FTYiKjs1FHBDZf$XX$G_P,3FTYiKjs1FHBDZf$XX$G_P,3FTYiKjs1FHBDZf$XX$G_O,3FTYiKjs1FHBDZf$XX$G_O,0F3GNFyX11HPrJ8Qx_LlPL,0F3GNFyX11HPrJ8Qx_LlPK,3FTYiKjs1FHBDZf$XX$G$9,0F3GNFyX11HPrJ8Qx_LlPA,0F3GNFyX11HPrJ8Qx_LlPL,0F3GNFyX11HPrJ8Qx_Ll6r
3FTYiKjs1FHBDZf$XX$G_Q;0F3GNFyX11HPrJ8Qx_LlPW,3FTYiKjs1FHBDZf$XX$G_P,3FTYiKjs1FHBDZf$XX$G_P,3FTYiKjs1FHBDZf$XX$G_O,3FTYiKjs1FHBDZf$XX$G_O,0F3GNFyX11HPrJ8Qx_LlPL,0F3GNFyX11HPrJ8Qx_LlPK,3FTYiKjs1FHBDZf$XX$G_F,0F3GNFyX11HPrJ8Qx_LlPZ,0F3GNFyX11HPrJ8Qx_LlPZ
18PfoMwJn589KwNMr$Zv5U;1jdFRSJ$H28g9RdT4gD1TX
2gEjYa5pfD_B5QQKCn9OS0;1jdFRSJ$H28g9RdT4gD1T$,0MhF3zuEzBXwC_J$8wDC9V,1jdFRSJ$H28g9RdT4gD1T$,0MhF3zuEzBXwC_J$8wDC9V
2gEjYa5pfD_B5QQKCn9OSF;1jdFRSJ$H28g9RdT4gD1Tz,1jdFRSJ$H28g9RdT4gD1Tz,0MhF3zuEzBXwC_J$8wDC9G
2gEjYa5pfD_B5QQKCn9OSE;1jdFRSJ$H28g9RdT4gD1Q2
2gEjYa5pfD_B5QQKCn9OSD;1jdFRSJ$H28g9RdT4gD1Tx,0MhF3zuEzBXwC_J$8wDFqq,1jdFRSJ$H28g9RdT4gD1Tx,0MhF3zuEzBXwC_J$8wDFqq,0MhF3zuEzBXwC_J$8wDFqq,2BWX4TR0f6kxOj9DspOzeJ
2gEjYa5pfD_B5QQKCn9OSC;1jdFRSJ$H28g9RdT4gD1Q6,0MhF3zuEzBXwC_J$8wDFqr,1jdFRSJ$H28g9RdT4gD1Q6,0MhF3zuEzBXwC_J$8wDFqr
2eAZvXReD5rxCsRcBVQxEu;3FTYiKjs1FHBDZf$XX$G$$,0F3GNFyX11HPrJ8Qx_LlP0,1jdFRSJ$H28g9RdT4gD1Tz,1jdFRSJ$H28g9RdT4gD1Q2,2eAZvXReD5rxCsRcBVQx9L,2eAZvXReD5rxCsRcBVQx8s
2eAZvXReD5rxCsRcBVQxEt;2BWX4TR0f6kxOj9DspOzgQ,3FTYiKjs1FHBDZf$XX$G_F,0F3GNFyX11HPrJ8Qx_LlPZ,0F3GNFyX11HPrJ8Qx_LlP2,3FTYiKjs1FHBDZf$XX$G$9,0F3GNFyX11HPrJ8Qx_LlPA,2eAZvXReD5rxCsRcBVQx9r,2eAZvXReD5rxCsRcBVQx9F,0F3GNFyX11HPrJ8Qx_LlP6,0F3GNFyX11HPrJ8Qx_LlP2,0F3GNFyX11HPrJ8Qx_LlP8,0F3GNFyX11HPrJ8Qx_LlP8,0F3GNFyX11HPrJ8Qx_LlP8,0F3GNFyX11HPrJ8Qx_LlPA,2eAZvXReD5rxCsRcBVQxFC,2eAZvXReD5rxCsRcBVQxFD
2eAZvXReD5rxCsRcBVQxEs;0F3GNFyX11HPrJ8Qx_LlP8,2eAZvXReD5rxCsRcBVQxE_,2eAZvXReD5rxCsRcBVQxEC,0pyqDFj1b8ou1XMGj0fedn,0F3GNFyX11HPrJ8Qx_LlP8,2eAZvXReD5rxCsRcBVQxEC
2eAZvXReD5rxCsRcBVQxEr;0F3GNFyX11HPrJ8Qx_LlP5,3FTYiKjs1FHBDZf$XX$G_F,0F3GNFyX11HPrJ8Qx_LlPZ,1jdFRSJ$H28g9RdT4gD1Tz,0MhF3zuEzBXwC_J$8wDC9G,2eAZvXReD5rxCsRcBVQx9L,2eAZvXReD5rxCsRcBVQx8s,2eAZvXReD5rxCsRcBVQxFC,2eAZvXReD5rxCsRcBVQxEC,1jdFRSJ$H28g9RdT4gD1Tz,1jdFRSJ$H28g9RdT4gD1Tw,3FTYiKjs1FHBDZf$XX$G$E,2eAZvXReD5rxCsRcBVQxFG,2eAZvXReD5rxCsRcBVQxEC,2eAZvXReD5rxCsRcBVQx9F,2eAZvXReD5rxCsRcBVQxFD,2eAZvXReD5rxCsRcBVQxFA,2eAZvXReD5rxCsRcBVQxEm,2eAZvXReD5rxCsRcBVQxEH,2eAZvXReD5rxCsRcBVQx9L
2eAZvXReD5rxCsRcBVQxEq;0F3GNFyX11HPrJ8Qx_LlPL,0F3GNFyX11HPrJ8Qx_Ll6r,0F3GNFyX11HPrJ8Qx_LlPZ,2eAZvXReD5rxCsRcBVQxFD,2eAZvXReD5rxCsRcBVQxFD,2eAZvXReD5rxCsRcBVQxFA,2eAZvXReD5rxCsRcBVQxEm,2eAZvXReD5rxCsRcBVQxEH,0F3GNFyX11HPrJ8Qx_Ll6r
2eAZvXReD5rxCsRcBVQxEn;3FTYiKjs1FHBDZf$XX$G$B,3FTYiKjs1FHBDZf$XX$G$B,0F3GNFyX11HPrJ8Qx_Ll6q,2BWX4TR0f6kxOj9DspOzgv,0F3GNFyX11HPrJ8Qx_LlP0,24ehxT1G9FBvYY3TFZpQEC,0F3GNFyX11HPrJ8Qx_Ll6y,2eAZvXReD5rxCsRcBVQx9L,2eAZvXReD5rxCsRcBVQxF5,2eAZvXReD5rxCsRcBVQx9t,0F3GNFyX11HPrJ8Qx_Ll6q
