32qdwx65PCqe5cz9$FoXWU;0HCU83U2D6Qw3eN_YrNYPm,0HCU83U2D6Qw3eN_YrNYPm,2JCSdfhlTAS8scDTfGeGvE,3Q6BARdMnARQp$$IMECyO2,1gEG5lP$9D_OUD14f2rh0n,1n7dwpKuf5EOz_TqDomDDi,1n7dwpKuf5EOz_TqDomDAe,1WpB56qc14j9IGu6rJQ2rk,1gEG5lP$9D_OUD14f2rh0n,3Q6BARdMnARQp$$IMECyO2,1IAJSTkt91Ixm4ACV0qJw_,3f7btQZcj6jPy4fiVuWBU$,2JCSdfhlTAS8scDTfGeGvr
3zNliedxf5muLUy3d1AfiH;1SR4KYQK1FzvavlRbzFeIi,3zNliedxf5muLUy3d1AfjZ,2Ugc6iu9L6rfjrIKeSvTBX,3KmzqY$pDBneJ1aQd6ZgZ4,3zNliedxf5muLUy3d1AfiG
3cnhVBEWjEGPRgM$6fwwry;1WpB56qc14j9IGu6rJQ2rk,1gEG5lP$9D_OUD14f2rh0n,0cITgjcrHBexC4ycKAMzRO,0cITgjcrHBexC4ycKAMzRO,1WpB56qc14j9IGu6rJQ2rk,1gEG5lP$9D_OUD14f2rh0n,3VJ_0_PRjAcfA3hjSocqaS,1WpB56qc14j9IGu6rJQ2rk,1jPr7O_kj96RTPJu$5W_9q,0cITgjcrHBexC4ycKAMzRO,1gEG5lP$9D_OUD14f2rh0n
1fVeAkO8D2TuNA1A4JFmUO;1fVeAkO8D2TuNA1A4JFmUm,1ExJSPclT8XOunFrW$eySu,1fVeAkO8D2TuNA1A4JFmUm,1xvhsLFK9D0PkShHsRyVP3,1fVeAkO8D2TuNA1A4JFmVx,1xvhsLFK9D0PkShHsRyVP3
1fVeAkO8D2TuNA1A4JFmR_;2UpXJtI5zEdwcUTK3WKioK,2JWIMRepn0pRJiEniev9LE,1fVeAkO8D2TuNA1A4JFmRh,1fVeAkO8D2TuNA1A4JFmRg,2IIpo_ivjDkA$ij0vqOjoW,1fVeAkO8D2TuNA1A4JFmRh,1fVeAkO8D2TuNA1A4JFmRh,2JWIMRepn0pRJiEniev9LE
32qdwx65PCqe5cz9$FoXdc;1xvhsLFK9D0PkShHsRyVCq,0UO3rRz7T4zQo9YSO6ZQoL,1TX5wvz7n7nfv08Ve3U1ao,1RA2M9wRL67QQcK5pWiSVN,1xvhsLFK9D0PkShHsRyVCq,1xvhsLFK9D0PkShHsRyVCq,1xvhsLFK9D0PkShHsRyV1N
32qdwx65PCqe5cz9$FoXaR;3qoSS4z4n2mORypVXSnJc9,3qoSS4z4n2mORypVXSnJc9,101bFFwEn8vAOK155EIjFw,3WHvR2lNTFwvZ0lDUzD32z,27EKpgZCL1pfXTEQrNuF0J,101bFFwEn8vAOK155EIjFw,1TX5wvz7n7nfv08Ve3U2N$,101bFFwEn8vAOK155EIjFv,32BV9U0fH3UhCCoXYzXRPV,3WHvR2lNTFwvZ0lDUzD32z,1TX5wvz7n7nfv08Ve3U2N$,3qoSS4z4n2mORypVXSnJc9,27EKpgZCL1pfXTEQrNuF0J
32qdwx65PCqe5cz9$FoXta;2UpXJtI5zEdwcUTK3WKi$t,1TX5wvz7n7nfv08Ve3U2ZH,3TT3vYFYzADuEHbdI1oKBU,3TT3vYFYzADuEHbdI1oK6x,0RzoCB4T13SvHE_mPc3nyj,1TX5wvz7n7nfv08Ve3U2ZH,0O39$cGjb4YQ5JmZ56gYLw
3zNliedxf5muLUy3d1Afiz;3qoSS4z4n2mORypVXSnJc9,0M_DiQ8yr8yAeBVF2GlcRx,3qoSS4z4n2mORypVXSnJXl,3zNliedxf5muLUy3d1AfZr,3qoSS4z4n2mORypVXSnJc9,3qoSS4z4n2mORypVXSnJXl,3zNliedxf5muLUy3d1AfZr,0M_DiQ8yr8yAeBVF2GlcRx
0kHpuxsrD1BfhJuRmItSdB;3TT3vYFYzADuEHbdI1oK6x,2UpXJtI5zEdwcUTK3WKi$t,3KmzqY$pDBneJ1aQd6ZgZ4,3TbBqZDS10IxfNoC7Y00mO,3TbBqZDS10IxfNoC7Y00JK,3T2dqOXX50TABhSovmMcY1,3TT3vYFYzADuEHbdI1oK6x,3TT3vYFYzADuEHbdI1oKAj,3KmzqY$pDBneJ1aQd6ZgZ4,0kHpuxsrD1BfhJuRmItSda,3TbBqZDS10IxfNoC7Y00JK,3TbBqZDS10IxfNoC7Y00mO,2UpXJtI5zEdwcUTK3WKi$t
32qdwx65PCqe5cz9$FoXWO;1RA2M9wRL67QQcK5pWiSVN,0UO3rRz7T4zQo9YSO6ZQoL,0UO3rRz7T4zQo9YSO6ZQoL,0W3ToNVqz5iPnuootYneFb,1RA2M9wRL67QQcK5pWiSVN,1xvhsLFK9D0PkShHsRyV1B,0W3ToNVqz5iPnuootYneFb,1xvhsLFK9D0PkShHsRyV19,0UO3rRz7T4zQo9YSO6ZQoL
32qdwx65PCqe5cz9$FoXa5;1xvhsLFK9D0PkShHsRyVCq,101bFFwEn8vAOK155EIjFw,0UO3rRz7T4zQo9YSO6ZQoL,101bFFwEn8vAOK155EIjFw,101bFFwEn8vAOK155EIjEl,1TX5wvz7n7nfv08Ve3U2Hd,170kcG5Ib609Fev0GUddkh,1TX5wvz7n7nfv08Ve3U2Hd,0UO3rRz7T4zQo9YSO6ZQoL
1fVeAkO8D2TuNA1A4JFmVW;1xvhsLFK9D0PkShHsRyVP3,1xvhsLFK9D0PkShHsRyVP3,1OYwf2rI56Fw8L7MwDaIuf,1OYwf2rI56Fw8L7MwDaIug,0iiN0W1an6jeLTnu_ahaLc,1xvhsLFK9D0PkShHsRyVP3,0iiN0W1an6jeLTnu_ahazT,1xvhsLFK9D0PkShHsRyVP3,1xvhsLFK9D0PkShHsRyVU6
1fVeAkO8D2TuNA1A4JFmR0;2IIpo_ivjDkA$ij0vqOjoW,2UpXJtI5zEdwcUTK3WKioK,2UpXJtI5zEdwcUTK3WKioK,1fVeAkO8D2TuNA1A4JFmRl,1fVeAkO8D2TuNA1A4JFmKX,1$krocavz15Qvbn9UraRoC,1$krocavz15Qvbn9UraRoD,1$krocavz15Qvbn9UraRoB,1$krocavz15Qvbn9UraRo9,1$krocavz15Qvbn9UraRoB,1$krocavz15Qvbn9UraRo9,1$krocavz15Qvbn9UraRoC,1$krocavz15Qvbn9UraRoD,2IIpo_ivjDkA$ij0vqOjoX,1fVeAkO8D2TuNA1A4JFmRl,1fVeAkO8D2TuNA1A4JFmKX,2UpXJtI5zEdwcUTK3WKioK
3QKNtH4EP5Rf4Cp8hQjUuH;1fVeAkO8D2TuNA1A4JFmTT,1fVeAkO8D2TuNA1A4JFmUe,1OYwf2rI56Fw8L7MwDaHJq,1fVeAkO8D2TuNA1A4JFmTT,1fVeAkO8D2TuNA1A4JFmUe,0iiN0W1an6jeLTnu_ahazT,0iiN0W1an6jeLTnu_ahazT
3cnhVBEWjEGPRgM$6fwwrx;1WpB56qc14j9IGu6rJQ2rk,1jPr7O_kj96RTPJu$5W_9q,27BBQ3mZv6$fYhDzaXVyCA,27BBQ3mZv6$fYhDzaXVyCA,1gEG5lP$9D_OUD14f2rh88,1gEG5lP$9D_OUD14f2rhrR,1IAJSTkt91Ixm4ACV0qJw_,1IAJSTkt91Ixm4ACV0qJyl,1IAJSTkt91Ixm4ACV0qJzc,27BBQ3mZv6$fYhDzaXVyCA
3zNliedxf5muLUy3d1Afix;3zNliedxf5muLUy3d1AfjZ,2Ugc6iu9L6rfjrIKeSvTBX,3KmzqY$pDBneJ1aQd6ZgZ4,2UpXJtI5zEdwcUTK3WKiwf,2UpXJtI5zEdwcUTK3WKi$t,3KmzqY$pDBneJ1aQd6ZgZ4,3zNliedxf5muLUy3d1AfiG,3zNliedxf5muLUy3d1AfjY,3zNliedxf5muLUy3d1AfZs,2UpXJtI5zEdwcUTK3WKi$t
3zNliedxf5muLUy3d1AfZJ;3qoSS4z4n2mORypVXSnJXl,3qoSS4z4n2mORypVXSnJXl,3zNliedxf5muLUy3d1AfiP,3zNliedxf5muLUy3d1AfiA,3zNliedxf5muLUy3d1Afim,2x2kLDSdnECPqBAAotzKDW,2x2kLDSdnECPqBAAotzKDW,2x2kLDSdnECPqBAAotzKp0,3zNliedxf5muLUy3d1Afim,3qoSS4z4n2mORypVXSnJXl,3zNliedxf5muLUy3d1AfiA,3zNliedxf5muLUy3d1Afim,3zNliedxf5muLUy3d1AfiP,3zNliedxf5muLUy3d1AfiT
1OYwf2rI56Fw8L7MwDaHuw;1fVeAkO8D2TuNA1A4JFmUm,1fVeAkO8D2TuNA1A4JFmTK,1fVeAkO8D2TuNA1A4JFmTK,1fVeAkO8D2TuNA1A4JFmTS,1fVeAkO8D2TuNA1A4JFmTV,1fVeAkO8D2TuNA1A4JFmUc,1fVeAkO8D2TuNA1A4JFmUm,1fVeAkO8D2TuNA1A4JFmVx,1fVeAkO8D2TuNA1A4JFmVx,2F1RxIcXD26xcePsNEEdSF,1fVeAkO8D2TuNA1A4JFmTV,1fVeAkO8D2TuNA1A4JFmTS,0iiN0W1an6jeLTnu_ahaLe
1fVeAkO8D2TuNA1A4JFmUR;1fVeAkO8D2TuNA1A4JFmTJ,1fVeAkO8D2TuNA1A4JFmTI,3vRr$D2Nn0uufOyLCPI2VA,0iiN0W1an6jeLTnu_ahazO,1fVeAkO8D2TuNA1A4JFmTJ,1fVeAkO8D2TuNA1A4JFmTI,0iiN0W1an6jeLTnu_ahazM,1xvhsLFK9D0PkShHsRyVUf
3zNliedxf5muLUy3d1Afiw;3zNliedxf5muLUy3d1Afim,0j1$SfBzf30O4m8tQxHjk_,3zNliedxf5muLUy3d1AfZ0,3zNliedxf5muLUy3d1AfZF
32qdwx65PCqe5cz9$FoXaF;1xvhsLFK9D0PkShHsRyVCq,1TX5wvz7n7nfv08Ve3U2N$,1TX5wvz7n7nfv08Ve3U2Hd,0HCU83U2D6Qw3eN_YrNYPm,101bFFwEn8vAOK155EIjEk,101bFFwEn8vAOK155EIjEl,1xvhsLFK9D0PkShHsRyVCq
1fVeAkO8D2TuNA1A4JFmUP;1fVeAkO8D2TuNA1A4JFmTT,1fVeAkO8D2TuNA1A4JFmUe,0j1$SfBzf30O4m8tQxHjk9,1fVeAkO8D2TuNA1A4JFmTK,1fVeAkO8D2TuNA1A4JFmUe,1fVeAkO8D2TuNA1A4JFmVw,1fVeAkO8D2TuNA1A4JFmTT
1fVeAkO8D2TuNA1A4JFmRE;1xvhsLFK9D0PkShHsRyVP3,1xvhsLFK9D0PkShHsRyVP3,1$krocavz15Qvbn9UraRoB,1$krocavz15Qvbn9UraRo9,1xvhsLFK9D0PkShHsRyVP3,2UpXJtI5zEdwcUTK3WKioK,1fVeAkO8D2TuNA1A4JFmRn,1$krocavz15Qvbn9UraRo8,1$krocavz15Qvbn9UraRo9,33H8OsinT9ZAOGsY35TLca
3zNliedxf5muLUy3d1AfZo;3zNliedxf5muLUy3d1AfZr,3qoSS4z4n2mORypVXSnJXl,1SR4KYQK1FzvavlRbzFeIi,3zNliedxf5muLUy3d1AfiT,3zNliedxf5muLUy3d1AfZr,1wgAS9DTbEPB35N3srlk0A,3zNliedxf5muLUy3d1AfiT,3WWJmn6v1D39UhZwBrh3wF,3WWJmn6v1D39UhZwBrh3wE,3WWJmn6v1D39UhZwBrh3bn
0iiN0W1an6jeLTnu_ahc2h;3Q6BARdMnARQp$$IMECyO2,1xvhsLFK9D0PkShHsRyV1B,34ZmI1Etb0TOjEyZGYWDKY,0HCU83U2D6Qw3eN_YrNYPm,0HCU83U2D6Qw3eN_YrNYPm,1xvhsLFK9D0PkShHsRyV1B,1xvhsLFK9D0PkShHsRyV0c,1xvhsLFK9D0PkShHsRyV0X,0j1$SfBzf30O4m8tQxHjk8,34ZmI1Etb0TOjEyZGYWDKY,1xvhsLFK9D0PkShHsRyV19,1xvhsLFK9D0PkShHsRyV1B,1xvhsLFK9D0PkShHsRyV0d,0UO3rRz7T4zQo9YSO6ZQoL,0UO3rRz7T4zQo9YSO6ZQoL,3Hvm9D$5T6Re6fTBb7AYg_
3utl1RW2XCuuzxeLnj0Tz3;3KmzqY$pDBneJ1aQd6ZgZ4,0kHpuxsrD1BfhJuRmItSda,3TbBqZDS10IxfNoC7Y00JK,3KmzqY$pDBneJ1aQd6ZgZ4,1OtWuujYj4_ApkXfT4ewDG,3KmzqY$pDBneJ1aQd6ZgZ4
395swRy7L0CPRB$sry8BD2;1IAJSTkt91Ixm4ACV0qJw_,3f7btQZcj6jPy4fiVuWBU$,1IAJSTkt91Ixm4ACV0qJw_,1IAJSTkt91Ixm4ACV0qJyl,1IAJSTkt91Ixm4ACV0qJzc,0HCU83U2D6Qw3eN_YrNYPm,27BBQ3mZv6$fYhDzaXVyCA,3f7btQZcj6jPy4fiVuWBU$,27BBQ3mZv6$fYhDzaXVyCA
32qdwx65PCqe5cz9$FoXtw;0RzoCB4T13SvHE_mPc3nyj,1OtWuujYj4_ApkXfT4ewDG,0O39$cGjb4YQ5JmZ56gYLw,0kHpuxsrD1BfhJuRmItScG,0kHpuxsrD1BfhJuRmItScG,0RzoCB4T13SvHE_mPc3nyj,0O39$cGjb4YQ5JmZ56gYLw
32qdwx65PCqe5cz9$FoXtm;1TX5wvz7n7nfv08Ve3U2ZH,3TbBqZDS10IxfNoC7Y00mO,0kHpuxsrD1BfhJuRmItScG,0RzoCB4T13SvHE_mPc3nyj,1OtWuujYj4_ApkXfT4ewDG,3TT3vYFYzADuEHbdI1oK4l
32qdwx65PCqe5cz9$FoXdo;1xvhsLFK9D0PkShHsRyV1N,0W3ToNVqz5iPnuootYneFb,1xvhsLFK9D0PkShHsRyVCq,0HCU83U2D6Qw3eN_YrNYPm,1xvhsLFK9D0PkShHsRyV1H,1xvhsLFK9D0PkShHsRyV1H,1xvhsLFK9D0PkShHsRyV1H
32qdwx65PCqe5cz9$FoXap;3qoSS4z4n2mORypVXSnJc9,101bFFwEn8vAOK155EIjFv,32BV9U0fH3UhCCoXYzXRPV,3WHvR2lNTFwvZ0lDUzD32z,0HCU83U2D6Qw3eN_YrNYPo,101bFFwEn8vAOK155EIjFv,1TX5wvz7n7nfv08Ve3U2N$,32BV9U0fH3UhCCoXYzXRPV,3qoSS4z4n2mORypVXSnJXl,101bFFwEn8vAOK155EIjF_
1fVeAkO8D2TuNA1A4JFmR1;1fVeAkO8D2TuNA1A4JFmRh,1$krocavz15Qvbn9UraRoC,1$krocavz15Qvbn9UraRoD,2IIpo_ivjDkA$ij0vqOjoX,0j1$SfBzf30O4m8tQxHjkF,0j1$SfBzf30O4m8tQxHjkF,2JWIMRepn0pRJiEniev9LE,1fVeAkO8D2TuNA1A4JFmR5,27r1h16596Awbm3uq5uRON,1fVeAkO8D2TuNA1A4JFmR5,0cITgjcrHBexC4ycKAMz0t,27r1h16596Awbm3uq5uRON,2JWIMRepn0pRJiEniev9LE
1fVeAkO8D2TuNA1A4JFmUk;1fVeAkO8D2TuNA1A4JFmVx,1fVeAkO8D2TuNA1A4JFmTV,0j1$SfBzf30O4m8tQxHjkF,0j1$SfBzf30O4m8tQxHjkF,0j1$SfBzf30O4m8tQxHjkF,1hmGLk0150M8R4Fe2xO2Xu,1fVeAkO8D2TuNA1A4JFmTS,1xvhsLFK9D0PkShHsRyVP3
3zNliedxf5muLUy3d1Afiy;3qoSS4z4n2mORypVXSnJXl,3zNliedxf5muLUy3d1AfiA,3zNliedxf5muLUy3d1Afim,3zNliedxf5muLUy3d1AfZF,3qoSS4z4n2mORypVXSnJXl,0HCU83U2D6Qw3eN_YrNYPo,0j1$SfBzf30O4m8tQxHjk_
1fVeAkO8D2TuNA1A4JFmUQ;1fVeAkO8D2TuNA1A4JFmTS,0iiN0W1an6jeLTnu_ahaLe,1fVeAkO8D2TuNA1A4JFmVw,1fVeAkO8D2TuNA1A4JFmTS,0j1$SfBzf30O4m8tQxHjk9,0j1$SfBzf30O4m8tQxHjk9,0j1$SfBzf30O4m8tQxHjk9,0j1$SfBzf30O4m8tQxHjkF,04YSA3tYX8xQGefEnVmkM$,1fVeAkO8D2TuNA1A4JFmTK
3zNliedxf5muLUy3d1Afi$;3zNliedxf5muLUy3d1AfiP,3zNliedxf5muLUy3d1AfiT,3zNliedxf5muLUy3d1AfiT,1SR4KYQK1FzvavlRbzFeIi,0j1$SfBzf30O4m8tQxHjk_,2x2kLDSdnECPqBAAotzKDW
1fVeAkO8D2TuNA1A4JFmUt;1fVeAkO8D2TuNA1A4JFmTJ,0HCU83U2D6Qw3eN_YrNYTk,1xvhsLFK9D0PkShHsRyVUf,0iiN0W1an6jeLTnu_ahazN,1fVeAkO8D2TuNA1A4JFmTI,1uHd$LJZvFex0RJNtpGEm0,1xvhsLFK9D0PkShHsRyVUf,2IPJ$3EiHFEgCKPWQXxpsL,0obE52Eg9869bwJ2CwDuqm
2KYm5Ragr61OD5zScYdaKU;23h0hydtDBbft7Uw8iT5gg,2g3NrLGxr4f9iVYqANdeOO,2g3NrLGxr4f9iVYqANdeOO,23h0hydtDBbft7Uw8iT5gg
2KYm5Ragr61OD5zScYdaM5;0j1$SfBzf30O4m8tQxHjk8,34ZmI1Etb0TOjEyZGYWDKY,34ZmI1Etb0TOjEyZGYWDKY,34ZmI1Etb0TOjEyZGYWDKY,34ZmI1Etb0TOjEyZGYWDKY,0HCU83U2D6Qw3eN_YrNYPm
2KYm5Ragr61OD5zScYdafL;0j1$SfBzf30O4m8tQxHjk8,34ZmI1Etb0TOjEyZGYWDKY,34ZmI1Etb0TOjEyZGYWDKY,0j1$SfBzf30O4m8tQxHjk8
3Uh9Ch9LH0$eHfQ94P3j_p;0j1$SfBzf30O4m8tQxHjk8,34ZmI1Etb0TOjEyZGYWDKY
32qdwx65PCqe5cz9$FoXdW;1xvhsLFK9D0PkShHsRyV19,1xvhsLFK9D0PkShHsRyV19,1xvhsLFK9D0PkShHsRyV1B,1xvhsLFK9D0PkShHsRyV0d,1xvhsLFK9D0PkShHsRyV1H,1xvhsLFK9D0PkShHsRyV1H,0HCU83U2D6Qw3eN_YrNYPm,0HCU83U2D6Qw3eN_YrNYPm,1xvhsLFK9D0PkShHsRyV19
32qdwx65PCqe5cz9$FoXa9;1TX5wvz7n7nfv08Ve3U2N$,101bFFwEn8vAOK155EIjF_,0j1$SfBzf30O4m8tQxHjk8,0HCU83U2D6Qw3eN_YrNYPm,0HCU83U2D6Qw3eN_YrNYPn,101bFFwEn8vAOK155EIjF_
1fVeAkO8D2TuNA1A4JFmVX;0iiN0W1an6jeLTnu_ahazT,1fVeAkO8D2TuNA1A4JFmTI,1fVeAkO8D2TuNA1A4JFmTT,1fVeAkO8D2TuNA1A4JFmTI,23h0hydtDBbft7Uw8iT5gg,0j1$SfBzf30O4m8tQxHjk9,0j1$SfBzf30O4m8tQxHjk9,0j1$SfBzf30O4m8tQxHjk9,0j1$SfBzf30O4m8tQxHjk9,0j1$SfBzf30O4m8tQxHjk9,0j1$SfBzf30O4m8tQxHjk9,0j1$SfBzf30O4m8tQxHjk9,0j1$SfBzf30O4m8tQxHjk9,0j1$SfBzf30O4m8tQxHjk9,23h0hydtDBbft7Uw8iT5gg,04YSA3tYX8xQGefEnVmkKO,04YSA3tYX8xQGefEnVmkKk,04YSA3tYX8xQGefEnVmkI$,0HCU83U2D6Qw3eN_YrNYTk,0HCU83U2D6Qw3eN_YrNYTk,0iiN0W1an6jeLTnu_ahazS
1fVeAkO8D2TuNA1A4JFmRA;1xvhsLFK9D0PkShHsRyVP3,1fVeAkO8D2TuNA1A4JFmRl,33H8OsinT9ZAOGsY35TLca,1fVeAkO8D2TuNA1A4JFmR5,1xvhsLFK9D0PkShHsRyVP3,0j1$SfBzf30O4m8tQxHjkF,1fVeAkO8D2TuNA1A4JFmRl
3zNliedxf5muLUy3d1Afjp;3zNliedxf5muLUy3d1AfiG,3zNliedxf5muLUy3d1AfZr,3zNliedxf5muLUy3d1AfiG,3WWJmn6v1D39UhZwBrh3oR,3WWJmn6v1D39UhZwBrh3zo,3WWJmn6v1D39UhZwBrh3z1,3WWJmn6v1D39UhZwBrh3wF,3WWJmn6v1D39UhZwBrh3wE,3WWJmn6v1D39UhZwBrh3bn,1SR4KYQK1FzvavlRbzFeIi,3zNliedxf5muLUy3d1AfiG,3zNliedxf5muLUy3d1AfZA,3zNliedxf5muLUy3d1AfZp,3zNliedxf5muLUy3d1AfZr,0M_DiQ8yr8yAeBVF2GlcRx,3zNliedxf5muLUy3d1AfZA
1fVeAkO8D2TuNA1A4JFmVZ;32tiiUBlb5WRDMK9aljOMG,0iiN0W1an6jeLTnu_ahazT,0iiN0W1an6jeLTnu_ahazT,0iiN0W1an6jeLTnu_ahazM,0iiN0W1an6jeLTnu_ahazS,0iiN0W1an6jeLTnu_ahazT,0iiN0W1an6jeLTnu_ahazS,0iiN0W1an6jeLTnu_ahazM,1xvhsLFK9D0PkShHsRyVUf
3zNliedxf5muLUy3d1Afiu;3qoSS4z4n2mORypVXSnJc9,0M_DiQ8yr8yAeBVF2GlcRx,3zNliedxf5muLUy3d1AfjY,3zNliedxf5muLUy3d1AfZs,0M_DiQ8yr8yAeBVF2GlcRx,3zNliedxf5muLUy3d1AfZA,3zNliedxf5muLUy3d1AfZ2,3zNliedxf5muLUy3d1AfZ5,3zNliedxf5muLUy3d1AfZs
3UHzIN1vrFTuNqGpM4p$sz;0cITgjcrHBexC4ycKAMzRO,0UO3rRz7T4zQo9YSO6ZQoL,0UO3rRz7T4zQo9YSO6ZQoL,0O39$cGjb4YQ5JmZ56gYY5,2ydC0Yjcz0qOwAvK0vcea0,0UO3rRz7T4zQo9YSO6ZQoL,0UO3rRz7T4zQo9YSO6ZQoL,2curqKbLT2tPg4N6fHbUFm,2curqKbLT2tPg4N6fHbUFm,2curqKbLT2tPg4N6fHbUFm,3Hvm9D$5T6Re6fTBb7AY$l,3Hvm9D$5T6Re6fTBb7AY_N,3Hvm9D$5T6Re6fTBb7AYxj,3Hvm9D$5T6Re6fTBb7AYaO,3Hvm9D$5T6Re6fTBb7AzMQ,3Hvm9D$5T6Re6fTBb7AzG0,3Hvm9D$5T6Re6fTBb7AzIL,3Hvm9D$5T6Re6fTBb7AzVi,0tZsilslf6xepkJp9163iv,0tZsilslf6xepkJp9163k4,2jafpNmKLCFQXiAi0ZdnTg
3UHzIN1vrFTuNqGpM4p$so;1xvhsLFK9D0PkShHsRyVP3,2UpXJtI5zEdwcUTK3WKioK,27BBQ3mZv6$fYhDzaXVyCA,27BBQ3mZv6$fYhDzaXVyCA,0tZsilslf6xepkJp9163k4,1xvhsLFK9D0PkShHsRyVP3,1IAJSTkt91Ixm4ACV0qJzc,0tZsilslf6xepkJp9163wl,0tZsilslf6xepkJp9163xB,0tZsilslf6xepkJp9163vs,0tZsilslf6xepkJp9163vs,0tZsilslf6xepkJp9163vs,0tZsilslf6xepkJp9163cr,0tZsilslf6xepkJp9163av,0tZsilslf6xepkJp9163bp,0tZsilslf6xepkJp9163ZM,0tZsilslf6xepkJp9163kr,0tZsilslf6xepkJp9163k4,0tZsilslf6xepkJp9163iv,0tZsilslf6xepkJp9163jM,0tZsilslf6xepkJp9163hs,0tZsilslf6xepkJp9163M9,0tZsilslf6xepkJp9163M9,0tZsilslf6xepkJp9163N9,0xcPNtosb7gPDz0lXCvHDB,0xcPNtosb7gPDz0lXCvHDB,0xcPNtosb7gPDz0lXCvHBp,3QSX8HLhfB9vXEyEpFMwbK,1xvhsLFK9D0PkShHsRyVDr,0xcPNtosb7gPDz0lXCvHDB,0xcPNtosb7gPDz0lXCvHBp
221LmVV95Bm8UZFRyhPWGu;2JCSdfhlTAS8scDTfGeGvr,1gEG5lP$9D_OUD14f2rh0n,29Lwi6PtT1iew$5dI20NGz,29Lwi6PtT1iew$5dI20NS0,29Lwi6PtT1iew$5dI20NS5,29Lwi6PtT1iew$5dI20NS6,3MhwMIFM12881bK$0A4uZT,3n1lzGcUH2Ifyy79gnv0cb,3n1lzGcUH2Ifyy79gnv0db,3n1lzGcUH2Ifyy79gnv0ab,2jafpNmKLCFQXiAi0ZdnTg,29Lwi6PtT1iew$5dI20NGz,29Lwi6PtT1iew$5dI20NS0,29Lwi6PtT1iew$5dI20NS5,29Lwi6PtT1iew$5dI20NS6,2JCSdfhlTAS8scDTfGeGvE,2JCSdfhlTAS8scDTfGeGvr,2jafpNmKLCFQXiAi0ZdnTg,2jafpNmKLCFQXiAi0ZdnTg,2jafpNmKLCFQXiAi0ZdnTg,2jafpNmKLCFQXiAi0ZdnTg,2jafpNmKLCFQXiAi0ZdnTg,2jafpNmKLCFQXiAi0ZdnTg,2jafpNmKLCFQXiAi0ZdnTg,2jafpNmKLCFQXiAi0ZdnTg,1gEG5lP$9D_OUD14f2rh0n,1gEG5lP$9D_OUD14f2rh0n,1gEG5lP$9D_OUD14f2rh0n,1gEG5lP$9D_OUD14f2rh0n,3MhwMIFM12881bK$0A4ud$,3MhwMIFM12881bK$0A4uZS,3Js$Ipt_j9ovhre9BolzE$,2jafpNmKLCFQXiAi0ZdnTg,2jafpNmKLCFQXiAi0ZdnTg,2jafpNmKLCFQXiAi0ZdnTg,1gEG5lP$9D_OUD14f2rh0n,3n1lzGcUH2Ifyy79gnv0cd,3n1lzGcUH2Ifyy79gnv0ca,0HeuIKaKz8$w8L3vsGRlbu,2jafpNmKLCFQXiAi0ZdnTg,1gEG5lP$9D_OUD14f2rh0n,3n1lzGcUH2Ifyy79gnv0dd,3n1lzGcUH2Ifyy79gnv0da,0HeuIKaKz8$w8L3vsGRlbw,2jafpNmKLCFQXiAi0ZdnTg,2jafpNmKLCFQXiAi0ZdnTg,1gEG5lP$9D_OUD14f2rh0n,3n1lzGcUH2Ifyy79gnv0ad,3n1lzGcUH2Ifyy79gnv0aa,0HeuIKaKz8$w8L3vsGRlbq,2jafpNmKLCFQXiAi0ZdnTg,2jafpNmKLCFQXiAi0ZdnTg,1gEG5lP$9D_OUD14f2rh0n
3UHzIN1vrFTuNqGpM4p$st;27EKpgZCL1pfXTEQrNuF0J,2UpXJtI5zEdwcUTK3WKi$t,0UO3rRz7T4zQo9YSO6ZQoL,0UO3rRz7T4zQo9YSO6ZQoL,2UpXJtI5zEdwcUTK3WKi$t,3Hvm9D$5T6Re6fTBb7AYg_,3zNliedxf5muLUy3d1AfZs,0UO3rRz7T4zQo9YSO6ZQoL,0UO3rRz7T4zQo9YSO6ZQoL,0UO3rRz7T4zQo9YSO6ZQoL,2UpXJtI5zEdwcUTK3WKi$t,3Hvm9D$5T6Re6fTBb7AYZq,3Hvm9D$5T6Re6fTBb7AYjC,3Hvm9D$5T6Re6fTBb7AYkf,3Hvm9D$5T6Re6fTBb7AYek,3Hvm9D$5T6Re6fTBb7AYg_
3HNIvKe85AIwDMhVyveAS8;03gb9I89n55fVmsH8LEUEF,03gb9I89n55fVmsH8LEUEl,1xvhsLFK9D0PkShHsRyVDr,1xvhsLFK9D0PkShHsRyVDr,1xvhsLFK9D0PkShHsRyVDr,3QSX8HLhfB9vXEyEpFMwbK,0UO3rRz7T4zQo9YSO6ZQw3,26RyvHgKn9IuVABJJCeFGb,26RyvHgKn9IuVABJJCeFGG,26tSnhdxT6cea1DoMnROVC
0sJzpN6Kz7s8MosN4DdaZr;1xvhsLFK9D0PkShHsRyVU6,1xvhsLFK9D0PkShHsRyVUf,1xvhsLFK9D0PkShHsRyVUf,0UO3rRz7T4zQo9YSO6ZQw3,1xvhsLFK9D0PkShHsRyVUf,1xvhsLFK9D0PkShHsRyVU6,1xvhsLFK9D0PkShHsRyVDr,0UO3rRz7T4zQo9YSO6ZQyl,1FByCidU9Biv4xWWqDhKzi
0sJzpN6Kz7s8MosN4DdaZu;1uHd$LJZvFex0RJNtpGEm0,1xvhsLFK9D0PkShHsRyVUf,2IPJ$3EiHFEgCKPWQXxpsL,0obE52Eg9869bwJ2CwDuqm,26RyvHgKn9IuVABJJCeFGb,26RyvHgKn9IuVABJJCeFGG,1FByCidU9Biv4xWWqDhKzi,1uHd$LJZvFex0RJNtpGEm0,1uHd$LJZvFex0RJNtpGEm0,1uHd$LJZvFex0RJNtpG9Fy,1uHd$LJZvFex0RJNtpG9Et,0HCU83U2D6Qw3eN_YrNYyq,0HCU83U2D6Qw3eN_YrNYyq,0HCU83U2D6Qw3eN_YrNYwj,1xvhsLFK9D0PkShHsRyVUf,2BjGn5BSL5uBNeTsXP$jF8,2BjGn5BSL5uBNeTsXP$jFa,2IPJ$3EiHFEgCKPWQXxpsL,3MgDEu5p14jxrbcntKaZn6,1FByCidU9Biv4xWWqDhKzi,1FByCidU9Biv4xWWqDhKzi,0obE52Eg9869bwJ2CwDuqm,26RyvHgKn9IuVABJJCeFGb,26tSnhdxT6cea1DoMnROPO,26tSnhdxT6cea1DoMnROO2,26tSnhdxT6cea1DoMnROVC,26tSnhdxT6cea1DoMnROzh,26tSnhdxT6cea1DoMnROVC
0cITgjcrHBexC4ycKAMzvm;03gb9I89n55fVmsH8LEUEZ,03gb9I89n55fVmsH8LEUEl,0FAnuB29rCdhzDwHPcYYa4,0FAnuB29rCdhzDwHPcYYZS,0xcPNtosb7gPDz0lXCvHDB,0xcPNtosb7gPDz0lXCvHBp,26tSnhdxT6cea1DoMnROVC,26tSnhdxT6cea1DoMnROVC,0HCU83U2D6Qw3eN_YrNYPm,0UO3rRz7T4zQo9YSO6ZQzA,0xcPNtosb7gPDz0lXCvHDB,0xcPNtosb7gPDz0lXCvHBp,0tnXcukonBoBaJAuQBeAMs
