2ajOCoDF1CRh1n791YRrVI;1uQ5S5jvb2F8TfWIOOjAZK
1YkoPdVMv3pvxs1JDdOYFq;1uQ5S5jvb2F8TfWIOOjAZK
0bG12TwLfEpRoXdVaT3dZe;1uQ5S5jvb2F8TfWIOOjAZK,3FCLLgKz1FSRot7fOjabqX
0bG12TwLfEpRoXdVaT3dX5;1uQ5S5jvb2F8TfWIOOjAZK,3FCLLgKz1FSRot7fOjabrR
3yyzykzhT7Of1bTNBoY2Wr;3FCLLgKz1FSRot7fOjabqX,3FCLLgKz1FSRot7fOjabrR
0xDNFGIwz3DvUTWVYl8u8w;1j4d1dI1bEH9RMlLED6gBL
2ajOCoDF1CRh1n791YSEdM;2K5MpZ_rH2G9mmO027jVG5
3_ppbDAA11uhYqOVeW874u;2K5MpZ_rH2G9mmO027jVG5
2K5MpZ_rH2G9mmO027kWOw;2K5MpZ_rH2G9mmO027jVG5,2K5MpZ_rH2G9mmO027jVG2
2K5MpZ_rH2G9mmO027kWOx;2K5MpZ_rH2G9mmO027jVG5,2K5MpZ_rH2G9mmO027jVG3
2K5MpZ_rH2G9mmO027kWRN;2K5MpZ_rH2G9mmO027jVG2,2K5MpZ_rH2G9mmO027jVG3
3206zp2Jb8I9Z5bpSX6X66;1_PmBTY8r3fPlJj_BIETsJ
2ajOCoDF1CRh1n791YSEaM;0JMrxujWf6M9BejhPq5F_$
3_ppbDAA11uhYqOVeW875G;0JMrxujWf6M9BejhPq5F_$
1CeW8sLTL3GQ6cjKUZO3YN;0JMrxujWf6M9BejhPq5F_$,0JMrxujWf6M9BejhPq5F_o
1CeW8sLTL3GQ6cjKUZO3YM;0JMrxujWf6M9BejhPq5F_$,0JMrxujWf6M9BejhPq5F_r
1CeW8sLTL3GQ6cjKUZO3YC;0JMrxujWf6M9BejhPq5F_o,0JMrxujWf6M9BejhPq5F_r
3206zp2Jb8I9Z5bpSX6X6V;3R1Bx2lfvBkBa6j3IZ1_2O
2ajOCoDF1CRh1n791YSEbY;2K5MpZ_rH2G9mmO027jVGE
3_ppbDAA11uhYqOVeW87Be;2K5MpZ_rH2G9mmO027jVGE
2K5MpZ_rH2G9mmO027jVez;2K5MpZ_rH2G9mmO027jVGE,2K5MpZ_rH2G9mmO027jVGC
2K5MpZ_rH2G9mmO027jVew;2K5MpZ_rH2G9mmO027jVGE,2K5MpZ_rH2G9mmO027jVGD
2K5MpZ_rH2G9mmO027jVej;2K5MpZ_rH2G9mmO027jVGC,2K5MpZ_rH2G9mmO027jVGD
3206zp2Jb8I9Z5bpSX6X6q;3R1Bx2lfvBkBa6j3IZ1_2F
2ajOCoDF1CRh1n791YSEgc;2dd0u4Zxf6rQ1MO2JZZOZT
3_ppbDAA11uhYqOVeW8780;2dd0u4Zxf6rQ1MO2JZZOZT
2K5MpZ_rH2G9mmO027jVvk;2dd0u4Zxf6rQ1MO2JZZOZT,2dd0u4Zxf6rQ1MO2JZZOZV
2K5MpZ_rH2G9mmO027jVvl;2dd0u4Zxf6rQ1MO2JZZOZT,2dd0u4Zxf6rQ1MO2JZZOZ0
2K5MpZ_rH2G9mmO027jVuU;2dd0u4Zxf6rQ1MO2JZZOZV,2dd0u4Zxf6rQ1MO2JZZOZ0
3206zp2Jb8I9Z5bpSX6XEz;3206zp2Jb8I9Z5bpSX6XEt
