1uQ5S5jvb2F8TfWIOOjAZK;10_OuBNmjDM8vB6zMjh765
10_OuBNmjDM8vB6zMjh765;1uQ5S5jvb2F8TfWIOOjAZK,3FCLLgKz1FSRot7fOjabrU
3FCLLgKz1FSRot7fOjabrU;10_OuBNmjDM8vB6zMjh765
2K5MpZ_rH2G9mmO027jVG5;2K5MpZ_rH2G9mmO027jVG0
2K5MpZ_rH2G9mmO027jVG0;2K5MpZ_rH2G9mmO027jVG5,2K5MpZ_rH2G9mmO027jVG1
2K5MpZ_rH2G9mmO027jVG1;2K5MpZ_rH2G9mmO027jVG0
0JMrxujWf6M9BejhPq5F_$;0JMrxujWf6M9BejhPq5F_y
0JMrxujWf6M9BejhPq5F_y;0JMrxujWf6M9BejhPq5F_$,0JMrxujWf6M9BejhPq5F_v
0JMrxujWf6M9BejhPq5F_v;0JMrxujWf6M9BejhPq5F_y
2K5MpZ_rH2G9mmO027jVGE;2K5MpZ_rH2G9mmO027jVGA
2K5MpZ_rH2G9mmO027jVGA;2K5MpZ_rH2G9mmO027jVGE,2K5MpZ_rH2G9mmO027jVGB
2K5MpZ_rH2G9mmO027jVGB;2K5MpZ_rH2G9mmO027jVGA
2dd0u4Zxf6rQ1MO2JZZOZT;2dd0u4Zxf6rQ1MO2JZZOZ1
2dd0u4Zxf6rQ1MO2JZZOZ1;2dd0u4Zxf6rQ1MO2JZZOZT,2dd0u4Zxf6rQ1MO2JZZOZ2
2dd0u4Zxf6rQ1MO2JZZOZ2;2dd0u4Zxf6rQ1MO2JZZOZ1
