13G4duKh9EUhtkClto1MaZ;0bG12TwLfEpRoXdVaT3dlz,1V1LtPf1LAPArDepPryM6d,1yYcGBymX7$B3PV8qIo0M2
13G4duKh9EUhtkClto1Mhy;1V1LtPf1LAPArDepPryM6d,2K5MpZ_rH2G9mmO027jVvX
2Fm7E_W2n2QRRJENPeURmv;0bG12TwLfEpRoXdVaT3diB,1V1LtPf1LAPArDepPryM6d,2K5MpZ_rH2G9mmO027kWOy
2Fm7E_W2n2QRRJENPeURoC;1V1LtPf1LAPArDepPryM6d,1CeW8sLTL3GQ6cjKUZO3YL,2K5MpZ_rH2G9mmO027kWOz
2Fm7E_W2n2QRRJENPeURo$;1V1LtPf1LAPArDepPryM6d,1CeW8sLTL3GQ6cjKUZO3YK,2K5MpZ_rH2G9mmO027jVe$
2Fm7E_W2n2QRRJENPeURpT;1V1LtPf1LAPArDepPryM6d,2K5MpZ_rH2G9mmO027jVey,2K5MpZ_rH2G9mmO027jVvW
0bG12TwLfEpRoXdVaT3X4Z;
0bG12TwLfEpRoXdVaT3dkm;0bG12TwLfEpRoXdVaT3dlz
0bG12TwLfEpRoXdVaT3dlz;13G4duKh9EUhtkClto1MaZ,0bG12TwLfEpRoXdVaT3dkm,1yYcGBymX7$B3PV8qIo0M2
0bG12TwLfEpRoXdVaT3diB;2Fm7E_W2n2QRRJENPeURmv
1V1LtPf1LAPArDepPryM6d;13G4duKh9EUhtkClto1MaZ,13G4duKh9EUhtkClto1Mhy,2Fm7E_W2n2QRRJENPeURmv,2Fm7E_W2n2QRRJENPeURoC,2Fm7E_W2n2QRRJENPeURo$,2Fm7E_W2n2QRRJENPeURpT
0xDNFGIwz3DvUTWVYl8u08;0xDNFGIwz3DvUTWVYl8u5p,0xDNFGIwz3DvUTWVYl8u78
0xDNFGIwz3DvUTWVYl8u5p;0xDNFGIwz3DvUTWVYl8u08,0xDNFGIwz3DvUTWVYl8u6q
0xDNFGIwz3DvUTWVYl8u6q;0xDNFGIwz3DvUTWVYl8u5p,0xDNFGIwz3DvUTWVYl8u78
0xDNFGIwz3DvUTWVYl8u78;0xDNFGIwz3DvUTWVYl8u08,0xDNFGIwz3DvUTWVYl8u6q
1yYcGBymX7$B3PV8qIo0M2;13G4duKh9EUhtkClto1MaZ,0bG12TwLfEpRoXdVaT3dlz,2j4z1oPPf1XhN7Tyl_sTDe
2j4z1oPPf1XhN7Tyl_sTDe;1yYcGBymX7$B3PV8qIo0M2
3206zp2Jb8I9Z5bpSX6X62;3206zp2Jb8I9Z5bpSX6X65,3206zp2Jb8I9Z5bpSX6X67
3206zp2Jb8I9Z5bpSX6X65;3206zp2Jb8I9Z5bpSX6X62,3206zp2Jb8I9Z5bpSX6X64
3206zp2Jb8I9Z5bpSX6X64;3206zp2Jb8I9Z5bpSX6X65,3206zp2Jb8I9Z5bpSX6X67
3206zp2Jb8I9Z5bpSX6X67;3206zp2Jb8I9Z5bpSX6X62,3206zp2Jb8I9Z5bpSX6X64
3206zp2Jb8I9Z5bpSX6X6R;3206zp2Jb8I9Z5bpSX6X6Q,3206zp2Jb8I9Z5bpSX6X6S
3206zp2Jb8I9Z5bpSX6X6Q;3206zp2Jb8I9Z5bpSX6X6R,3206zp2Jb8I9Z5bpSX6X6T
3206zp2Jb8I9Z5bpSX6X6T;3206zp2Jb8I9Z5bpSX6X6Q,3206zp2Jb8I9Z5bpSX6X6S
3206zp2Jb8I9Z5bpSX6X6S;3206zp2Jb8I9Z5bpSX6X6R,3206zp2Jb8I9Z5bpSX6X6T
3206zp2Jb8I9Z5bpSX6X6m;3206zp2Jb8I9Z5bpSX6X6p,3206zp2Jb8I9Z5bpSX6X6r
3206zp2Jb8I9Z5bpSX6X6p;3206zp2Jb8I9Z5bpSX6X6m,3206zp2Jb8I9Z5bpSX6X6o
3206zp2Jb8I9Z5bpSX6X6o;3206zp2Jb8I9Z5bpSX6X6p,3206zp2Jb8I9Z5bpSX6X6r
3206zp2Jb8I9Z5bpSX6X6r;3206zp2Jb8I9Z5bpSX6X6m,3206zp2Jb8I9Z5bpSX6X6o
3206zp2Jb8I9Z5bpSX6XEv;3206zp2Jb8I9Z5bpSX6XEu,3206zp2Jb8I9Z5bpSX6XEw
3206zp2Jb8I9Z5bpSX6XEu;3206zp2Jb8I9Z5bpSX6XEv,3206zp2Jb8I9Z5bpSX6XEx
3206zp2Jb8I9Z5bpSX6XEx;3206zp2Jb8I9Z5bpSX6XEu,3206zp2Jb8I9Z5bpSX6XEw
3206zp2Jb8I9Z5bpSX6XEw;3206zp2Jb8I9Z5bpSX6XEv,3206zp2Jb8I9Z5bpSX6XEx
1CeW8sLTL3GQ6cjKUZO3YG;
1CeW8sLTL3GQ6cjKUZO3YI;1CeW8sLTL3GQ6cjKUZO3YL
1CeW8sLTL3GQ6cjKUZO3YL;2Fm7E_W2n2QRRJENPeURoC,1CeW8sLTL3GQ6cjKUZO3YI
1CeW8sLTL3GQ6cjKUZO3YK;2Fm7E_W2n2QRRJENPeURo$
2K5MpZ_rH2G9mmO027kWOn;
2K5MpZ_rH2G9mmO027kWO$;2K5MpZ_rH2G9mmO027kWOy
2K5MpZ_rH2G9mmO027kWOy;2Fm7E_W2n2QRRJENPeURmv,2K5MpZ_rH2G9mmO027kWO$
2K5MpZ_rH2G9mmO027kWOz;2Fm7E_W2n2QRRJENPeURoC
2K5MpZ_rH2G9mmO027jVem;
2K5MpZ_rH2G9mmO027jVe_;2K5MpZ_rH2G9mmO027jVe$
2K5MpZ_rH2G9mmO027jVe$;2Fm7E_W2n2QRRJENPeURo$,2K5MpZ_rH2G9mmO027jVe_
2K5MpZ_rH2G9mmO027jVey;2Fm7E_W2n2QRRJENPeURpT
2K5MpZ_rH2G9mmO027jVvb;
2K5MpZ_rH2G9mmO027jVvZ;2K5MpZ_rH2G9mmO027jVvW
2K5MpZ_rH2G9mmO027jVvW;2Fm7E_W2n2QRRJENPeURpT,2K5MpZ_rH2G9mmO027jVvZ
2K5MpZ_rH2G9mmO027jVvX;13G4duKh9EUhtkClto1Mhy
