1uQ5S5jvb2F8TfWIOOjAZK;2Fm7E_W2n2QRRJENPeURmv,13G4duKh9EUhtkClto1Mc7,0bG12TwLfEpRoXdVaT3X4Z,0bG12TwLfEpRoXdVaT3dkm,0bG12TwLfEpRoXdVaT3X4Z,0bG12TwLfEpRoXdVaT3X4Z,0bG12TwLfEpRoXdVaT3dkm,0bG12TwLfEpRoXdVaT3dkm,2Fm7E_W2n2QRRJENPeURmv,2Fm7E_W2n2QRRJENPeURmv,2Fm7E_W2n2QRRJENPeURmv
3FCLLgKz1FSRot7fOjabqX;0bG12TwLfEpRoXdVaT3X4Z,13G4duKh9EUhtkClto1Mc7,2j4z1oPPf1XhN7Tyl_sTDe,0bG12TwLfEpRoXdVaT3dLw
3FCLLgKz1FSRot7fOjabrR;0bG12TwLfEpRoXdVaT3X4Z,0bG12TwLfEpRoXdVaT3dkm,0bG12TwLfEpRoXdVaT3dLw,13G4duKh9EUhtkClto1MaZ,1yYcGBymX7$B3PV8qIo0M2,0bG12TwLfEpRoXdVaT3dlz
10_OuBNmjDM8vB6zMjh765;0bG12TwLfEpRoXdVaT3dkm,0bG12TwLfEpRoXdVaT3dlz,13G4duKh9EUhtkClto1MaZ,2Fm7E_W2n2QRRJENPeURmv,0bG12TwLfEpRoXdVaT3dlz,2Fm7E_W2n2QRRJENPeURmv
3FCLLgKz1FSRot7fOjabrU;13G4duKh9EUhtkClto1MaZ,2Fm7E_W2n2QRRJENPeURmv,1V1LtPf1LAPArDepPryM6d,2Fm7E_W2n2QRRJENPeURmv
1j4d1dI1bEH9RMlLED6gBL;0xDNFGIwz3DvUTWVYl8u08,0xDNFGIwz3DvUTWVYl8u5p,0xDNFGIwz3DvUTWVYl8u6q,0xDNFGIwz3DvUTWVYl8u78
2K5MpZ_rH2G9mmO027jVG5;13G4duKh9EUhtkClto1Mc7,2K5MpZ_rH2G9mmO027kWOn,2K5MpZ_rH2G9mmO027kWOn,2K5MpZ_rH2G9mmO027kWO$,2K5MpZ_rH2G9mmO027kWO$,2Fm7E_W2n2QRRJENPeURoC,2Fm7E_W2n2QRRJENPeURoC,2Fm7E_W2n2QRRJENPeURoC
2K5MpZ_rH2G9mmO027jVG2;2Fm7E_W2n2QRRJENPeURmv,2K5MpZ_rH2G9mmO027kWOn,13G4duKh9EUhtkClto1Mc7,2K5MpZ_rH2G9mmO027kWO_
2K5MpZ_rH2G9mmO027jVG3;2Fm7E_W2n2QRRJENPeURmv,2K5MpZ_rH2G9mmO027kWOn,2K5MpZ_rH2G9mmO027kWO$,2K5MpZ_rH2G9mmO027kWO_,2K5MpZ_rH2G9mmO027kWOy
2K5MpZ_rH2G9mmO027jVG0;2Fm7E_W2n2QRRJENPeURmv,2Fm7E_W2n2QRRJENPeURmv,2K5MpZ_rH2G9mmO027kWO$,2K5MpZ_rH2G9mmO027kWOy,2Fm7E_W2n2QRRJENPeURoC
2K5MpZ_rH2G9mmO027jVG1;2Fm7E_W2n2QRRJENPeURmv,1V1LtPf1LAPArDepPryM6d,2Fm7E_W2n2QRRJENPeURoC
1_PmBTY8r3fPlJj_BIETsJ;3206zp2Jb8I9Z5bpSX6X62,3206zp2Jb8I9Z5bpSX6X65,3206zp2Jb8I9Z5bpSX6X64,3206zp2Jb8I9Z5bpSX6X67
0JMrxujWf6M9BejhPq5F_$;13G4duKh9EUhtkClto1Mc7,1CeW8sLTL3GQ6cjKUZO3YG,1CeW8sLTL3GQ6cjKUZO3YG,1CeW8sLTL3GQ6cjKUZO3YI,1CeW8sLTL3GQ6cjKUZO3YI,2Fm7E_W2n2QRRJENPeURo$,2Fm7E_W2n2QRRJENPeURo$,2Fm7E_W2n2QRRJENPeURo$
0JMrxujWf6M9BejhPq5F_o;2Fm7E_W2n2QRRJENPeURoC,1CeW8sLTL3GQ6cjKUZO3YG,13G4duKh9EUhtkClto1Mc7,1CeW8sLTL3GQ6cjKUZO3YJ
0JMrxujWf6M9BejhPq5F_r;2Fm7E_W2n2QRRJENPeURoC,1CeW8sLTL3GQ6cjKUZO3YG,1CeW8sLTL3GQ6cjKUZO3YI,1CeW8sLTL3GQ6cjKUZO3YJ,1CeW8sLTL3GQ6cjKUZO3YL
0JMrxujWf6M9BejhPq5F_y;2Fm7E_W2n2QRRJENPeURoC,2Fm7E_W2n2QRRJENPeURoC,1CeW8sLTL3GQ6cjKUZO3YI,1CeW8sLTL3GQ6cjKUZO3YL,2Fm7E_W2n2QRRJENPeURo$
0JMrxujWf6M9BejhPq5F_v;2Fm7E_W2n2QRRJENPeURoC,1V1LtPf1LAPArDepPryM6d,2Fm7E_W2n2QRRJENPeURo$
3R1Bx2lfvBkBa6j3IZ1_2O;3206zp2Jb8I9Z5bpSX6X6R,3206zp2Jb8I9Z5bpSX6X6Q,3206zp2Jb8I9Z5bpSX6X6T,3206zp2Jb8I9Z5bpSX6X6S
2K5MpZ_rH2G9mmO027jVGE;13G4duKh9EUhtkClto1Mc7,2K5MpZ_rH2G9mmO027jVem,2K5MpZ_rH2G9mmO027jVem,2K5MpZ_rH2G9mmO027jVe_,2K5MpZ_rH2G9mmO027jVe_,2Fm7E_W2n2QRRJENPeURpT,2Fm7E_W2n2QRRJENPeURpT,2Fm7E_W2n2QRRJENPeURpT
2K5MpZ_rH2G9mmO027jVGC;2Fm7E_W2n2QRRJENPeURo$,2K5MpZ_rH2G9mmO027jVem,13G4duKh9EUhtkClto1Mc7,2K5MpZ_rH2G9mmO027jVen
2K5MpZ_rH2G9mmO027jVGD;2Fm7E_W2n2QRRJENPeURo$,2K5MpZ_rH2G9mmO027jVem,2K5MpZ_rH2G9mmO027jVe_,2K5MpZ_rH2G9mmO027jVen,2K5MpZ_rH2G9mmO027jVe$
2K5MpZ_rH2G9mmO027jVGA;2Fm7E_W2n2QRRJENPeURo$,2Fm7E_W2n2QRRJENPeURo$,2K5MpZ_rH2G9mmO027jVe_,2K5MpZ_rH2G9mmO027jVe$,2Fm7E_W2n2QRRJENPeURpT
2K5MpZ_rH2G9mmO027jVGB;2Fm7E_W2n2QRRJENPeURo$,1V1LtPf1LAPArDepPryM6d,2Fm7E_W2n2QRRJENPeURpT
3R1Bx2lfvBkBa6j3IZ1_2F;3206zp2Jb8I9Z5bpSX6X6m,3206zp2Jb8I9Z5bpSX6X6p,3206zp2Jb8I9Z5bpSX6X6o,3206zp2Jb8I9Z5bpSX6X6r
2dd0u4Zxf6rQ1MO2JZZOZT;13G4duKh9EUhtkClto1Mhy,13G4duKh9EUhtkClto1Mc7,2K5MpZ_rH2G9mmO027jVvb,2K5MpZ_rH2G9mmO027jVvb,2K5MpZ_rH2G9mmO027jVvZ,2K5MpZ_rH2G9mmO027jVvZ
2dd0u4Zxf6rQ1MO2JZZOZV;2Fm7E_W2n2QRRJENPeURpT,2K5MpZ_rH2G9mmO027jVvb,13G4duKh9EUhtkClto1Mc7,2K5MpZ_rH2G9mmO027jVvY
2dd0u4Zxf6rQ1MO2JZZOZ0;2Fm7E_W2n2QRRJENPeURpT,2K5MpZ_rH2G9mmO027jVvb,2K5MpZ_rH2G9mmO027jVvZ,2K5MpZ_rH2G9mmO027jVvY,2K5MpZ_rH2G9mmO027jVvW
2dd0u4Zxf6rQ1MO2JZZOZ1;2Fm7E_W2n2QRRJENPeURpT,2Fm7E_W2n2QRRJENPeURpT,2K5MpZ_rH2G9mmO027jVvZ,2K5MpZ_rH2G9mmO027jVvW,13G4duKh9EUhtkClto1Mhy
2dd0u4Zxf6rQ1MO2JZZOZ2;2Fm7E_W2n2QRRJENPeURpT,13G4duKh9EUhtkClto1Mhy,1V1LtPf1LAPArDepPryM6d
3206zp2Jb8I9Z5bpSX6XEt;3206zp2Jb8I9Z5bpSX6XEv,3206zp2Jb8I9Z5bpSX6XEu,3206zp2Jb8I9Z5bpSX6XEx,3206zp2Jb8I9Z5bpSX6XEw
