2j4z1oPPf1XhN7Tyl_sT9X;3FCLLgKz1FSRot7fOjabqX
0gKy2dHP5AkwOKYofyLhQM;3FCLLgKz1FSRot7fOjabrU
2Fcqji36D9YBHbK$gLqdF1;3FCLLgKz1FSRot7fOjabrU
3WkvknDh90Ye6Ixz4ljETb;3FCLLgKz1FSRot7fOjabrU
19qdr8X2vDDhrIkFMSIphN;2K5MpZ_rH2G9mmO027jVG2
3jOjKUwT962B5m1_a$Fhcl;2K5MpZ_rH2G9mmO027jVG1
0gKy2dHP5AkwOKYofyLhJO;2K5MpZ_rH2G9mmO027jVG1
19qdr8X2vDDhrIkFMSIphc;0JMrxujWf6M9BejhPq5F_o
3jOjKUwT962B5m1_a$FhYf;0JMrxujWf6M9BejhPq5F_v
0gKy2dHP5AkwOKYofyLhGI;0JMrxujWf6M9BejhPq5F_v
19qdr8X2vDDhrIkFMSIphn;2K5MpZ_rH2G9mmO027jVGC
3jOjKUwT962B5m1_a$FhYv;2K5MpZ_rH2G9mmO027jVGB
0gKy2dHP5AkwOKYofyLhGs;2K5MpZ_rH2G9mmO027jVGB
19qdr8X2vDDhrIkFMSIpgD;2dd0u4Zxf6rQ1MO2JZZOZV
0NKniWjnb8Ph23l9Vz8pN2;2dd0u4Zxf6rQ1MO2JZZOZ2
3jOjKUwT962B5m1_a$FhY5;2dd0u4Zxf6rQ1MO2JZZOZ2
0gKy2dHP5AkwOKYofyLhHc;2dd0u4Zxf6rQ1MO2JZZOZ2
