3F20D9LUzBFPiJKN4mpzvV;2Im_2tj0r41BcHdJK8Kcz3,0aNC3YsFzEZf8uB9g1nSfO
0aNC3YsFzEZf8uB9g1nSce;0aNC3YsFzEZf8uB9g1nScx,0aNC3YsFzEZf8uB9g1nScw
0aNC3YsFzEZf8uB9g1nSdy;0aNC3YsFzEZf8uB9g1nScx,0aNC3YsFzEZf8uB9g1nSfO
1$UkFGv$93m9yvMFzTqDGj;0aNC3YsFzEZf8uB9g1nSfQ,0aNC3YsFzEZf8uB9g1nSfO
0aNC3YsFzEZf8uB9g1nSdw;0aNC3YsFzEZf8uB9g1nSfO,0aNC3YsFzEZf8uB9g1nSfO,3V7W2RscLEExyQLuCnt1om
0MhF3zuEzBXwC_J$8wDCXp;0aNC3YsFzEZf8uB9g1nSfO
0WAJJ9_TT2nOQ92Aug0Pcs;0aNC3YsFzEZf8uB9g1nSfO
0aNC3YsFzEZf8uB9g1nSds;0aNC3YsFzEZf8uB9g1nSfO,2_G3CYmpjD1R88WI3Xz4q$
3V7W2RscLEExyQLuCnt1oQ;3V7W2RscLEExyQLuCnt1p6,3V7W2RscLEExyQLuCnt1oK
3V7W2RscLEExyQLuCnt1oO;3V7W2RscLEExyQLuCnt1ow,3V7W2RscLEExyQLuCnt1oK
3V4w8SHAjCyBUTFZ8uhZEf;3V7W2RscLEExyQLuCnt1ox,3V7W2RscLEExyQLuCnt1oz
3V7W2RscLEExyQLuCnt1oS;3V7W2RscLEExyQLuCnt1oy,3V7W2RscLEExyQLuCnt1oK
3V7W2RscLEExyQLuCnt1o1;3V7W2RscLEExyQLuCnt1o$,3V7W2RscLEExyQLuCnt1om
3V7W2RscLEExyQLuCnt1oP;3V7W2RscLEExyQLuCnt1oJ,3V7W2RscLEExyQLuCnt1oK
2_G3CYmpjD1R88WI3Xz4rg;2_G3CYmpjD1R88WI3Xz4rZ,2_G3CYmpjD1R88WI3Xz4qu
2_G3CYmpjD1R88WI3Xz4qO;2_G3CYmpjD1R88WI3Xz4qn,2_G3CYmpjD1R88WI3Xz4qu
2_G3CYmpjD1R88WI3Xz4rh;2_G3CYmpjD1R88WI3Xz4qo,2_G3CYmpjD1R88WI3Xz4qu
2lVIe9Be1FywnC3U3IcDOm;2_G3CYmpjD1R88WI3Xz4q$,2_G3CYmpjD1R88WI3Xz4qv