0uSXiavKjD892bcKOjMA$1;0aNC3YsFzEZf8uB9g1nShB,0MhF3zuEzBXwC_J$8wDFXT,0aNC3YsFzEZf8uB9g1nShB,0MhF3zuEzBXwC_J$8wDFXT
0uSXiavKjD892bcKOjMA$4;0aNC3YsFzEZf8uB9g1nSHQ,0aNC3YsFzEZf8uB9g1nSHQ
0uSXiavKjD892bcKOjMA$x;0aNC3YsFzEZf8uB9g1nSHR,0MhF3zuEzBXwC_J$8wDFXU,0aNC3YsFzEZf8uB9g1nSHR,0MhF3zuEzBXwC_J$8wDFXU
0uSXiavKjD892bcKOjMA$f;0aNC3YsFzEZf8uB9g1nSeq,0aNC3YsFzEZf8uB9g1nSer,0MhF3zuEzBXwC_J$8wDDMj,0aNC3YsFzEZf8uB9g1nSer,0MhF3zuEzBXwC_J$8wDDMj
0uSXiavKjD892bcKOjMA$i;0aNC3YsFzEZf8uB9g1nSet,0MhF3zuEzBXwC_J$8wDDII,0aNC3YsFzEZf8uB9g1nSet,0MhF3zuEzBXwC_J$8wDDII
2Im_2tj0r41BcHdJK8Kcz3;1WQPFqcij6iRfftGTAc$QO,1WQPFqcij6iRfftGTAc$QO,1WQPFqcij6iRfftGTAc$QO,0pyqDFj1b8ou1XMGj0ffLi,0JwH4ZBer9exdsW3Xs1_zO,2_G3CYmpjD1R88WI3Xz4ti,1WQPFqcij6iRfftGTAc$Gt,0aNC3YsFzEZf8uB9g1nSdZ,2_G3CYmpjD1R88WI3Xz4ti,1WQPFqcij6iRfftGTAc$H9
0aNC3YsFzEZf8uB9g1nSca;0aNC3YsFzEZf8uB9g1nScR,0aNC3YsFzEZf8uB9g1nScR,3V4w8SHAjCyBUTFZ8uhZ2e,0aNC3YsFzEZf8uB9g1nSdY,0JwH4ZBer9exdsW3Xs1_wG
0aNC3YsFzEZf8uB9g1nScx;0aNC3YsFzEZf8uB9g1nScR,0aNC3YsFzEZf8uB9g1nScV,3V4w8SHAjCyBUTFZ8uhZ2e,3R2MGTuSfBAR6UB$SwSzdt,0aNC3YsFzEZf8uB9g1nSdY,1WQPFqcij6iRfftGTAc$Gn,1WQPFqcij6iRfftGTAc$Ui
0aNC3YsFzEZf8uB9g1nScw;0aNC3YsFzEZf8uB9g1nScV,0aNC3YsFzEZf8uB9g1nScI,3eHzf38IP4NBm_82GTLjrw,1WQPFqcij6iRfftGTAc$Gp,1WQPFqcij6iRfftGTAc$Ui,1WQPFqcij6iRfftGTAc$2V,1WQPFqcij6iRfftGTAczLp,1WQPFqcij6iRfftGTAczLp,1WQPFqcij6iRfftGTAczLp,0pyqDFj1b8ou1XMGj0fk5w,0aNC3YsFzEZf8uB9g1nScJ,1WQPFqcij6iRfftGTAc$Ui,0aNC3YsFzEZf8uB9g1nSdY,3jY3$PuNP3MgMUTrsNt4PV,0pyqDFj1b8ou1XMGj0fk5w
0aNC3YsFzEZf8uB9g1nScv;0aNC3YsFzEZf8uB9g1nSHQ,0aNC3YsFzEZf8uB9g1nScR,3V4w8SHAjCyBUTFZ8uhZ2e,3V4w8SHAjCyBUTFZ8uhZ2e,3R2MGTuSfBAR6UB$SwSzdt,0aNC3YsFzEZf8uB9g1nScJ,0aNC3YsFzEZf8uB9g1nSHQ,3R2MGTuSfBAR6UB$SwSzz0,1Xdhl_99H1LxtFe91ySc9p,1WQPFqcij6iRfftGTAczLp,0JwH4ZBer9exdsW3Xs1_wG,0pyqDFj1b8ou1XMGj0fk5y,0JwH4ZBer9exdsW3Xs1_wG,0pyqDFj1b8ou1XMGj0fk5y
0aNC3YsFzEZf8uB9g1nSfQ;0aNC3YsFzEZf8uB9g1nSdY,0aNC3YsFzEZf8uB9g1nSdY,0aNC3YsFzEZf8uB9g1nSdq,0aNC3YsFzEZf8uB9g1nSc7,0aNC3YsFzEZf8uB9g1nSc6
0aNC3YsFzEZf8uB9g1nSfO;0JwH4ZBer9exdsW3Xs1_zO,0JwH4ZBer9exdsW3Xs1_wG,1WQPFqcij6iRfftGTAc$Gn,1WQPFqcij6iRfftGTAc$Ui,1WQPFqcij6iRfftGTAc$Ui,0JwH4ZBer9exdsW3Xs1_wG,0aNC3YsFzEZf8uB9g1nSdq,0aNC3YsFzEZf8uB9g1nSc7,0aNC3YsFzEZf8uB9g1nSc6,0aNC3YsFzEZf8uB9g1nSdW,0aNC3YsFzEZf8uB9g1nSdx,1WQPFqcij6iRfftGTAc$2V,0JwH4ZBer9exdsW3Xs1_zO,0JwH4ZBer9exdsW3Xs1_zO,2eAZvXReD5rxCsRcBVQwvx,0MXhwXpTnD5winnseqQxo0,1WQPFqcij6iRfftGTAc$2V,0aNC3YsFzEZf8uB9g1nSdt,0aNC3YsFzEZf8uB9g1nSdt
3V7W2RscLEExyQLuCnt1p6;0aNC3YsFzEZf8uB9g1nShB,0MhF3zuEzBXwC_J$8wDFXT,0aNC3YsFzEZf8uB9g1nShB,0aNC3YsFzEZf8uB9g1nShA,1qLd$aRfnB58C7GyIrSsor,3V7W2RscLEExyQLuCnt1oV,3xDiDpx$nB2hLMfVxR_vR1,3xDiDpx$nB2hLMfVxR_vR0,3V7W2RscLEExyQLuCnt1oT,0XqmV6lT93V9A_AtAupESC,3xDiDpx$nB2hLMfVxR_vR1,3xDiDpx$nB2hLMfVxR_vR2
3V7W2RscLEExyQLuCnt1ow;0aNC3YsFzEZf8uB9g1nShB,0MhF3zuEzBXwC_J$8wDFXT,0pyqDFj1b8ou1XMGj0fk5y,3V7W2RscLEExyQLuCnt1oV,0aNC3YsFzEZf8uB9g1nShB,0MhF3zuEzBXwC_J$8wDFXT,3V7W2RscLEExyQLuCnt1oi,1Xdhl_99H1LxtFe91ySc9n,1Xdhl_99H1LxtFe91ySc9p,3V7W2RscLEExyQLuCnt1oj,3V7W2RscLEExyQLuCnt1pO,3V7W2RscLEExyQLuCnt1oi,3xDiDpx$nB2hLMfVxR_vLB
3V7W2RscLEExyQLuCnt1ox;3xDiDpx$nB2hLMfVxR_vR1,3xDiDpx$nB2hLMfVxR_vR0,1qLd$aRfnB58C7GyIrSsor,3V7W2RscLEExyQLuCnt1pP,3V4w8SHAjCyBUTFZ8uhZAP,3bmsvJtpP2Lw7375p3CrYk
3V7W2RscLEExyQLuCnt1oy;3V7W2RscLEExyQLuCnt1oT,0XqmV6lT93V9A_AtAupESC,3xDiDpx$nB2hLMfVxR_vR1,3V7W2RscLEExyQLuCnt1pP,3V4w8SHAjCyBUTFZ8uhZAP,3V7W2RscLEExyQLuCnt1pQ,3V4w8SHAjCyBUTFZ8uhZAP
3V7W2RscLEExyQLuCnt1oz;0aNC3YsFzEZf8uB9g1nSet,0MhF3zuEzBXwC_J$8wDDII,3V4w8SHAjCyBUTFZ8uhZAP,3bmsvJtpP2Lw7375p3CrYk,3V4w8SHAjCyBUTFZ8uhZAP,0aNC3YsFzEZf8uB9g1nSdj,3V7W2RscLEExyQLuCnt1pD,1qLd$aRfnB58C7GyIrSsor
3V7W2RscLEExyQLuCnt1o_;0aNC3YsFzEZf8uB9g1nSet,0MhF3zuEzBXwC_J$8wDDII,0aNC3YsFzEZf8uB9g1nSet,0MhF3zuEzBXwC_J$8wDDII,3V7W2RscLEExyQLuCnt1pE,3V7W2RscLEExyQLuCnt1pF,3V4w8SHAjCyBUTFZ8uhZox,3cYPoAMk90vxvLVMNmmhA7,1iMxTVpcb2rhU2MxNV6tfy,3V4w8SHAjCyBUTFZ8uhZox,3V7W2RscLEExyQLuCnt1pJ
3V7W2RscLEExyQLuCnt1o$;3V4w8SHAjCyBUTFZ8uhZox,3V7W2RscLEExyQLuCnt1pd,3cYPoAMk90vxvLVMNmmhA6,0HLErpwlH7GPXIOwElk89Q,1WQPFqcij6iRfftGTAc$2V,2eAZvXReD5rxCsRcBVQwxO,3V7W2RscLEExyQLuCnt1pd
3V7W2RscLEExyQLuCnt1om;0aNC3YsFzEZf8uB9g1nSdY,3jY3$PuNP3MgMUTrsNt4PV,1WQPFqcij6iRfftGTAc$2V,3V7W2RscLEExyQLuCnt1pd,0aNC3YsFzEZf8uB9g1nSdY,3cYPoAMk90vxvLVMNmmhA4,1WQPFqcij6iRfftGTAc$2V,0pyqDFj1b8ou1XMGj0fk5w,3V7W2RscLEExyQLuCnt1ob
3V7W2RscLEExyQLuCnt1oJ;0pyqDFj1b8ou1XMGj0fk5w,3V7W2RscLEExyQLuCnt1oj,3V7W2RscLEExyQLuCnt1ob,1Xdhl_99H1LxtFe91ySc9n,1Xdhl_99H1LxtFe91ySc9m,0pyqDFj1b8ou1XMGj0fk5w,3V7W2RscLEExyQLuCnt1oi,21UIHKuuP16uj5JCg0qyOs
3V7W2RscLEExyQLuCnt1oK;3xDiDpx$nB2hLMfVxR_vR2,3V7W2RscLEExyQLuCnt1pO,3V7W2RscLEExyQLuCnt1oi,3xDiDpx$nB2hLMfVxR_vLB,3V7W2RscLEExyQLuCnt1pQ,3V4w8SHAjCyBUTFZ8uhZAP,3V7W2RscLEExyQLuCnt1pJ,3V7W2RscLEExyQLuCnt1oi,21UIHKuuP16uj5JCg0qyOs,3V7W2RscLEExyQLuCnt1p0,2V0bmays95pR3l2kZG47va
2_G3CYmpjD1R88WI3Xz4rZ;0aNC3YsFzEZf8uB9g1nSHR,0MhF3zuEzBXwC_J$8wDFXU,0aNC3YsFzEZf8uB9g1nSdk,0aNC3YsFzEZf8uB9g1nSHR,0JwH4ZBer9exdsW3Xs1$At,1qLd$aRfnB58C7GyIrSsmo,2_G3CYmpjD1R88WI3Xz4ql,2_G3CYmpjD1R88WI3Xz4tE,2_G3CYmpjD1R88WI3Xz4rk,1iMxTVpcb2rhU2MxNV6toJ
2_G3CYmpjD1R88WI3Xz4qn;0aNC3YsFzEZf8uB9g1nSHR,0MhF3zuEzBXwC_J$8wDFXU,2_G3CYmpjD1R88WI3Xz4ti,1WQPFqcij6iRfftGTAc$Gt,2_G3CYmpjD1R88WI3Xz4ql,0aNC3YsFzEZf8uB9g1nSHR,0aNC3YsFzEZf8uB9g1nSHQ,2_G3CYmpjD1R88WI3Xz4qW,2_G3CYmpjD1R88WI3Xz4tk,2_G3CYmpjD1R88WI3Xz4tk,1WQPFqcij6iRfftGTAc$H9,1WQPFqcij6iRfftGTAcyD9,2_G3CYmpjD1R88WI3Xz4re,2_G3CYmpjD1R88WI3Xz4ql,2_G3CYmpjD1R88WI3Xz4qW,2_G3CYmpjD1R88WI3Xz4qW,2_G3CYmpjD1R88WI3Xz4tj
2_G3CYmpjD1R88WI3Xz4qo;2_G3CYmpjD1R88WI3Xz4tE,2_G3CYmpjD1R88WI3Xz4qC,2_G3CYmpjD1R88WI3Xz4qD,2_G3CYmpjD1R88WI3Xz4tE,1qLd$aRfnB58C7GyIrSs_g,2_G3CYmpjD1R88WI3Xz4rl,2_G3CYmpjD1R88WI3Xz4tC,2_G3CYmpjD1R88WI3Xz4rl
2_G3CYmpjD1R88WI3Xz4qy;0aNC3YsFzEZf8uB9g1nSer,0MhF3zuEzBXwC_J$8wDDMj,0aNC3YsFzEZf8uB9g1nSdt,0aNC3YsFzEZf8uB9g1nScE,0aNC3YsFzEZf8uB9g1nSc2,0aNC3YsFzEZf8uB9g1nSc2,0aNC3YsFzEZf8uB9g1nSer,1WQPFqcij6iRfftGTAcyOK,2_G3CYmpjD1R88WI3Xz4q6,2_G3CYmpjD1R88WI3Xz4qK,2_G3CYmpjD1R88WI3Xz4qX
2_G3CYmpjD1R88WI3Xz4qz;0aNC3YsFzEZf8uB9g1nSer,0MhF3zuEzBXwC_J$8wDDMj,2_G3CYmpjD1R88WI3Xz4rl,2_G3CYmpjD1R88WI3Xz4tC,2_G3CYmpjD1R88WI3Xz4q6,0aNC3YsFzEZf8uB9g1nSer,0aNC3YsFzEZf8uB9g1nSeq,1qLd$aRfnB58C7GyIrSs$l,2_G3CYmpjD1R88WI3Xz4qK,1WQPFqcij6iRfftGTAcy7r,1WQPFqcij6iRfftGTAcy7r
2_G3CYmpjD1R88WI3Xz4q$;0aNC3YsFzEZf8uB9g1nSdZ,0aNC3YsFzEZf8uB9g1nSdt,2_G3CYmpjD1R88WI3Xz4qK,2_G3CYmpjD1R88WI3Xz4qX,2_G3CYmpjD1R88WI3Xz4qK,0aNC3YsFzEZf8uB9g1nSdZ,2_G3CYmpjD1R88WI3Xz4rf,2_G3CYmpjD1R88WI3Xz4rf,1WQPFqcij6iRfftGTAcy7r
2_G3CYmpjD1R88WI3Xz4qu;2_G3CYmpjD1R88WI3Xz4rk,1iMxTVpcb2rhU2MxNV6toJ,2_G3CYmpjD1R88WI3Xz4re,2_G3CYmpjD1R88WI3Xz4ql,2_G3CYmpjD1R88WI3Xz4rl,1WQPFqcij6iRfftGTAcy7r,2_G3CYmpjD1R88WI3Xz4re
2_G3CYmpjD1R88WI3Xz4qv;2_G3CYmpjD1R88WI3Xz4ti,1WQPFqcij6iRfftGTAc$H9,2_G3CYmpjD1R88WI3Xz4qW,2_G3CYmpjD1R88WI3Xz4qW,2_G3CYmpjD1R88WI3Xz4tj,1WQPFqcij6iRfftGTAcy7r,2_G3CYmpjD1R88WI3Xz4rf,1WQPFqcij6iRfftGTAcy7r,2_G3CYmpjD1R88WI3Xz4re,1WQPFqcij6iRfftGTAc$H9
