0MhF3zuEzBXwC_J$8wDFaJ;0uSXiavKjD892bcKOjMA$1,0uSXiavKjD892bcKOjMA$1,3V7W2RscLEExyQLuCnt1ow,3V7W2RscLEExyQLuCnt1ow
1wOE2MwBf03f9R8GpskFCg;0uSXiavKjD892bcKOjMA$1,3V7W2RscLEExyQLuCnt1ow
0aNC3YsFzEZf8uB9g1nSHV;0uSXiavKjD892bcKOjMA$4,0aNC3YsFzEZf8uB9g1nScv
0aNC3YsFzEZf8uB9g1nScl;0uSXiavKjD892bcKOjMA$4,0aNC3YsFzEZf8uB9g1nScv
0aNC3YsFzEZf8uB9g1nSck;0uSXiavKjD892bcKOjMA$4,0aNC3YsFzEZf8uB9g1nScv
0MhF3zuEzBXwC_J$8wDFay;0uSXiavKjD892bcKOjMA$x,0uSXiavKjD892bcKOjMA$x,2_G3CYmpjD1R88WI3Xz4rZ,2_G3CYmpjD1R88WI3Xz4rZ
1wOE2MwBf03f9R8GpskF2b;0uSXiavKjD892bcKOjMA$x,2_G3CYmpjD1R88WI3Xz4rZ
1wOE2MwBf03f9R8GpskF2a;0uSXiavKjD892bcKOjMA$x,2_G3CYmpjD1R88WI3Xz4qn
0aNC3YsFzEZf8uB9g1nSdz;0uSXiavKjD892bcKOjMA$f,2_G3CYmpjD1R88WI3Xz4qy
0MhF3zuEzBXwC_J$8wDC_o;0uSXiavKjD892bcKOjMA$f,0uSXiavKjD892bcKOjMA$f,2_G3CYmpjD1R88WI3Xz4qz,2_G3CYmpjD1R88WI3Xz4qz
0MhF3zuEzBXwC_J$8wDCy4;0uSXiavKjD892bcKOjMA$i,0uSXiavKjD892bcKOjMA$i,3V7W2RscLEExyQLuCnt1o_,3V7W2RscLEExyQLuCnt1o_
0aNC3YsFzEZf8uB9g1nSdd;0uSXiavKjD892bcKOjMA$i,3V7W2RscLEExyQLuCnt1o_
0aNC3YsFzEZf8uB9g1nScC;0aNC3YsFzEZf8uB9g1nSfO
0aNC3YsFzEZf8uB9g1nSc3;0aNC3YsFzEZf8uB9g1nSfO
0aNC3YsFzEZf8uB9g1nScW;0aNC3YsFzEZf8uB9g1nSfO
0aNC3YsFzEZf8uB9g1nSdc;3V7W2RscLEExyQLuCnt1p6
2nefYOh757WxJJ69EVH2Qf;3V7W2RscLEExyQLuCnt1p6
1wOE2MwBf03f9R8GpskF6d;3V7W2RscLEExyQLuCnt1ox
1wOE2MwBf03f9R8GpskFuS;3V7W2RscLEExyQLuCnt1oz
0aNC3YsFzEZf8uB9g1nSg$;3V7W2RscLEExyQLuCnt1oz
2nefYOh757WxJJ69EVH2Qe;3V7W2RscLEExyQLuCnt1oz
0SeBC9TD5BjBbdFFaCJVNd;3V7W2RscLEExyQLuCnt1oz
0aNC3YsFzEZf8uB9g1nSk2;3V7W2RscLEExyQLuCnt1o$
3F20D9LUzBFPiJKN4mpz_F;2_G3CYmpjD1R88WI3Xz4rZ
0Mha6o8WD5J8XEZRaJyPS7;2_G3CYmpjD1R88WI3Xz4qy
0aNC3YsFzEZf8uB9g1nSdn;2_G3CYmpjD1R88WI3Xz4qz
3F20D9LUzBFPiJKN4mpzZA;2_G3CYmpjD1R88WI3Xz4qz
