3Br3aVfVfFbQJNJzekVjA$;3Br3aVfVfFbQJNJzekVj3C,3Br3aVfVfFbQJNJzekVj3D,3Br3aVfVfFbQJNJzekVj3F
3Br3aVfVfFbQJNJzekVj3C;3Br3aVfVfFbQJNJzekVjA$,3Br3aVfVfFbQJNJzekVj3D
3Br3aVfVfFbQJNJzekVj3D;3Br3aVfVfFbQJNJzekVjA$,3Br3aVfVfFbQJNJzekVj3C
3Br3aVfVfFbQJNJzekVj3F;3Br3aVfVfFbQJNJzekVjA$
3Br3aVfVfFbQJNJzekVjC2;3Br3aVfVfFbQJNJzekVjC3,3Br3aVfVfFbQJNJzekVjCC
3Br3aVfVfFbQJNJzekVjC3;3Br3aVfVfFbQJNJzekVjC2,3Br3aVfVfFbQJNJzekVjCC
3Br3aVfVfFbQJNJzekVjCC;3Br3aVfVfFbQJNJzekVjC2,3Br3aVfVfFbQJNJzekVjC3,3Br3aVfVfFbQJNJzekVjCF
3Br3aVfVfFbQJNJzekVjCF;3Br3aVfVfFbQJNJzekVjCC
3Br3aVfVfFbQJNJzekVjFS;3Br3aVfVfFbQJNJzekVjF4
3Br3aVfVfFbQJNJzekVjFO;3Br3aVfVfFbQJNJzekVjFP
3Br3aVfVfFbQJNJzekVjFP;3Br3aVfVfFbQJNJzekVjFO
3Br3aVfVfFbQJNJzekVjF4;3Br3aVfVfFbQJNJzekVjFS
