IfcWindow;1jdFRSJ$H28g9RdT4gD1Tk;1jdFRSJ$H28g9RdT4gD1Tv
IfcWindow;1jdFRSJ$H28g9RdT4gD1Tl;1jdFRSJ$H28g9RdT4gD1Q6
IfcWindow;1jdFRSJ$H28g9RdT4gD1Ti;1jdFRSJ$H28g9RdT4gD1Ty
IfcWindow;1jdFRSJ$H28g9RdT4gD1Tg;1jdFRSJ$H28g9RdT4gD1Tx
IfcWindow;1jdFRSJ$H28g9RdT4gD1Th;1jdFRSJ$H28g9RdT4gD1Tu
IfcWindow;1jdFRSJ$H28g9RdT4gD1Tt;1jdFRSJ$H28g9RdT4gD1Tz
IfcWindow;1jdFRSJ$H28g9RdT4gD1Tq;1jdFRSJ$H28g9RdT4gD1Tw
IfcWindow;1jdFRSJ$H28g9RdT4gD1Tn;1jdFRSJ$H28g9RdT4gD1Q2
IfcWindow;1jdFRSJ$H28g9RdT4gD1Q7;1jdFRSJ$H28g9RdT4gD1Tw
IfcWindow;1jdFRSJ$H28g9RdT4gD1Q4;1jdFRSJ$H28g9RdT4gD1Tv
IfcWindow;1jdFRSJ$H28g9RdT4gD1QN;1jdFRSJ$H28g9RdT4gD1T$
IfcWindow;1jdFRSJ$H28g9RdT4gD1QK;1jdFRSJ$H28g9RdT4gD1Q3
IfcWindow;1jdFRSJ$H28g9RdT4gD1QL;1jdFRSJ$H28g9RdT4gD1Q3
IfcWindow;1jdFRSJ$H28g9RdT4gD1QI;1jdFRSJ$H28g9RdT4gD1TW
IfcWindow;1jdFRSJ$H28g9RdT4gD1QG;1jdFRSJ$H28g9RdT4gD1TX
IfcWindow;1jdFRSJ$H28g9RdT4gD1QH;1jdFRSJ$H28g9RdT4gD1TX
IfcWindow;1uJ6YMZDf60OYNx_5On0rv;1jdFRSJ$H28g9RdT4gD1TX
IfcWindow;1lcMEiZ7r0lvWis3p7mo_T;1jdFRSJ$H28g9RdT4gD1TX
IfcWindow;1lcMEiZ7r0lvWis3p7mo_S;1jdFRSJ$H28g9RdT4gD1TX
IfcDoor;2BWX4TR0f6kxOj9DspOyMw;2BWX4TR0f6kxOj9DspOyM_
IfcDoor;2BWX4TR0f6kxOj9DspOyNx;2BWX4TR0f6kxOj9DspOyMz
IfcDoor;2BWX4TR0f6kxOj9DspOyNw;2BWX4TR0f6kxOj9DspOyME
IfcDoor;2BWX4TR0f6kxOj9DspOyNv;3xDiDpx$nB2hLMfVxR_ubz
IfcDoor;2BWX4TR0f6kxOj9DspOyN$;2BWX4TR0f6kxOj9DspOyMp
IfcDoor;2BWX4TR0f6kxOj9DspOzeG;2BWX4TR0f6kxOj9DspOzeS
IfcDoor;2BWX4TR0f6kxOj9DspOzeN;2BWX4TR0f6kxOj9DspOzg$
IfcDoor;2BWX4TR0f6kxOj9DspOze2;2BWX4TR0f6kxOj9DspOzeI
IfcDoor;2BWX4TR0f6kxOj9DspOze4;2BWX4TR0f6kxOj9DspOzeJ
IfcDoor;2BWX4TR0f6kxOj9DspOzhh;3bmsvJtpP2Lw7375p3CrnE
IfcDoor;0xJj_rwfb5J9aoOn4ix50Z;2BWX4TR0f6kxOj9DspOzgO
IfcWindow;0MhF3zuEzBXwC_J$8wDCE5;0MhF3zuEzBXwC_J$8wDC9V
IfcWindow;0MhF3zuEzBXwC_J$8wDCDG;0MhF3zuEzBXwC_J$8wDC9G
IfcWindow;0MhF3zuEzBXwC_J$8wDFxL;0MhF3zuEzBXwC_J$8wDFqq
IfcWindow;0MhF3zuEzBXwC_J$8wDFxK;0MhF3zuEzBXwC_J$8wDFqr
IfcWindow;3F20D9LUzBFPiJKN4mpzdP;1jdFRSJ$H28g9RdT4gD1Tj
IfcWindow;3F20D9LUzBFPiJKN4mpzdQ;1jdFRSJ$H28g9RdT4gD1Tj
IfcWindow;2tyln_9aLCGvdY1Ws5oMRD;1jdFRSJ$H28g9RdT4gD1Q3
IfcWindow;2tyln_9aLCGvdY1Ws5oMQ8;1jdFRSJ$H28g9RdT4gD1T$
IfcWindow;38IjjxyGf9U9g58S6ZB0sA;1jdFRSJ$H28g9RdT4gD1Tv
IfcDoor;3FTYiKjs1FHBDZf$XX$G_2;3FTYiKjs1FHBDZf$XX$G_E
IfcDoor;3FTYiKjs1FHBDZf$XX$G_5;3FTYiKjs1FHBDZf$XX$G_F
IfcDoor;3FTYiKjs1FHBDZf$XX$G_4;3FTYiKjs1FHBDZf$XX$G_C
IfcDoor;3FTYiKjs1FHBDZf$XX$G_6;3FTYiKjs1FHBDZf$XX$G_E
IfcDoor;3FTYiKjs1FHBDZf$XX$G_T;3FTYiKjs1FHBDZf$XX$G_O
IfcDoor;2eAZvXReD5rxCsRcBVQxFF;2eAZvXReD5rxCsRcBVQx8s
IfcDoor;2eAZvXReD5rxCsRcBVQxFE;2eAZvXReD5rxCsRcBVQx8s
IfcDoor;2eAZvXReD5rxCsRcBVQxFB;2eAZvXReD5rxCsRcBVQxEC
IfcDoor;2eAZvXReD5rxCsRcBVQxEz;2eAZvXReD5rxCsRcBVQxFD
IfcWindow;0vkf296mbEFQkCvnMePpiP;1jdFRSJ$H28g9RdT4gD1Q3
IfcDoor;0F3GNFyX11HPrJ8Qx_LlPk;0F3GNFyX11HPrJ8Qx_LlPY
IfcDoor;0F3GNFyX11HPrJ8Qx_LlPf;0F3GNFyX11HPrJ8Qx_LlPZ
IfcDoor;0F3GNFyX11HPrJ8Qx_LlPe;0F3GNFyX11HPrJ8Qx_LlPW
IfcDoor;0F3GNFyX11HPrJ8Qx_LlPg;0F3GNFyX11HPrJ8Qx_LlPY
IfcDoor;0F3GNFyX11HPrJ8Qx_LlPH;0F3GNFyX11HPrJ8Qx_LlPK
