0aNC3YsFzEZf8uB9g1nSIh;
0aNC3YsFzEZf8uB9g1nSIg;
0aNC3YsFzEZf8uB9g1nSIj;
0aNC3YsFzEZf8uB9g1nSK_;
0aNC3YsFzEZf8uB9g1nSKz;
0aNC3YsFzEZf8uB9g1nSKy;
0aNC3YsFzEZf8uB9g1nSKp;
0aNC3YsFzEZf8uB9g1nSKo;
0aNC3YsFzEZf8uB9g1nSKn;
0aNC3YsFzEZf8uB9g1nSKm;
0aNC3YsFzEZf8uB9g1nSKt;
0aNC3YsFzEZf8uB9g1nSNf;
0aNC3YsFzEZf8uB9g1nSNe;
1wOE2MwBf03f9R8GpskFTr;
3Br3aVfVfFbQJNJzekVjyW;
3Br3aVfVfFbQJNJzekVjyX;
3Br3aVfVfFbQJNJzekVjyY;
3Br3aVfVfFbQJNJzekVjyZ;
3Br3aVfVfFbQJNJzekVj3K;
3Br3aVfVfFbQJNJzekVj3U;
3Br3aVfVfFbQJNJzekVj3V;
3Br3aVfVfFbQJNJzekVj3O;
3Br3aVfVfFbQJNJzekVj3P;
3Br3aVfVfFbQJNJzekVj3o;
3Br3aVfVfFbQJNJzekVj3x;
3Br3aVfVfFbQJNJzekVj3Z;
3Br3aVfVfFbQJNJzekVj3j;
3Br3aVfVfFbQJNJzekVj8A;
3Br3aVfVfFbQJNJzekVj8r;
3Br3aVfVfFbQJNJzekVj8s;
3Br3aVfVfFbQJNJzekVj8v;
3Br3aVfVfFbQJNJzekVj8a;
3Br3aVfVfFbQJNJzekVj8k;
3Br3aVfVfFbQJNJzekVjFM;
3Br3aVfVfFbQJNJzekVjF5;
3Br3aVfVfFbQJNJzekVjDA;
3Br3aVfVfFbQJNJzekVjDB;
3Br3aVfVfFbQJNJzekVjDq;
3Br3aVfVfFbQJNJzekVjDn;
3Br3aVfVfFbQJNJzekVjCL;
3Br3aVfVfFbQJNJzekVjCM;
3Br3aVfVfFbQJNJzekVjCN;
3Br3aVfVfFbQJNJzekVjCG;
3Br3aVfVfFbQJNJzekVjCH;
3Br3aVfVfFbQJNJzekVjCI;
3Br3aVfVfFbQJNJzekVjCd;
281CqU1gfFHh5fz6s1Njxo;
3V4w8SHAjCyBUTFZ8uhWjv;
1wVe14LIj8g91UtWowC2gJ;
1wVe14LIj8g91UtWowC2kW;
2HyDZbF3T5se2oXdyQUqeV;
2HyDZbF3T5se2oXdyQUqeS;
3eHzf38IP4NBm_82GTLim_;
3KZQXY$LH1CRfttEb6cvPV;
0Mha6o8WD5J8XEZRaJyPGX;
0Mha6o8WD5J8XEZRaJyPGW;
2BWX4TR0f6kxOj9DspOxDu;
2BWX4TR0f6kxOj9DspOxD_;
2BWX4TR0f6kxOj9DspOxEY;
2BWX4TR0f6kxOj9DspOxEX;
2BWX4TR0f6kxOj9DspOxEd;
0ami_Pw1b3M8bXapYJyMvx;
0ami_Pw1b3M8bXapYJyMvw;
0ami_Pw1b3M8bXapYJyMvz;
3kCZLnWtvEzg0cz5DmHZVr;
1G1NcEL_X3bxAX3yk1c_c3;
1zSSm83_HDE9$m_gaTXb$D;
1zSSm83_HDE9$m_gaTXb$A;
1zSSm83_HDE9$m_gaTXbRh;
09XVQP3ifDnxPnLr7vToy6;
3bmsvJtpP2Lw7375p3CrmG;
0MhF3zuEzBXwC_J$8wDC6f;
0MhF3zuEzBXwC_J$8wDC5v;
0MhF3zuEzBXwC_J$8wDCBa;
0MhF3zuEzBXwC_J$8wDFtn;
0MhF3zuEzBXwC_J$8wDFtm;
0I$rroJjr9rR99WWuVt7Jg;
0I$rroJjr9rR99WWuVt7Jh;
0I$rroJjr9rR99WWuVt7Ji;
0I$rroJjr9rR99WWuVt7Jj;
3xDiDpx$nB2hLMfVxR_ucQ;
3xDiDpx$nB2hLMfVxR_ucL;
3xDiDpx$nB2hLMfVxR_ucK;
3xDiDpx$nB2hLMfVxR_ucN;
3xDiDpx$nB2hLMfVxR_uIb;
1Z9K8nYs50ZfrnGeCEnmlg;
00notMX9v9xvvsi$nBcCTS;
2V0bmays95pR3l2kZG4uS$;
2V0bmays95pR3l2kZG47oj;
2V0bmays95pR3l2kZG47IW;
2b_tLCFpTFY81K45HP8hGd;
2eAZvXReD5rxCsRcBVQxpJ;
2eAZvXReD5rxCsRcBVQxpI;
2eAZvXReD5rxCsRcBVQxpH;
2eAZvXReD5rxCsRcBVQxpG;
2eAZvXReD5rxCsRcBVQxpF;
2eAZvXReD5rxCsRcBVQxpE;
2eAZvXReD5rxCsRcBVQxp8;
2eAZvXReD5rxCsRcBVQxp7;
2eAZvXReD5rxCsRcBVQxof;
2eAZvXReD5rxCsRcBVQxoe;
2eAZvXReD5rxCsRcBVQxob;
2eAZvXReD5rxCsRcBVQxoZ;
2eAZvXReD5rxCsRcBVQxoX;
2eAZvXReD5rxCsRcBVQxoV;
2eAZvXReD5rxCsRcBVQxoT;
2eAZvXReD5rxCsRcBVQxoR;
2eAZvXReD5rxCsRcBVQxoP;
2eAZvXReD5rxCsRcBVQxoO;
2eAZvXReD5rxCsRcBVQxoN;
2eAZvXReD5rxCsRcBVQxoM;
2eAZvXReD5rxCsRcBVQxoL;
2eAZvXReD5rxCsRcBVQxoK;
2eAZvXReD5rxCsRcBVQxoJ;
2eAZvXReD5rxCsRcBVQxoI;
2eAZvXReD5rxCsRcBVQxoH;
0pyqDFj1b8ou1XMGj0feca;
0pyqDFj1b8ou1XMGj0feit;
0pyqDFj1b8ou1XMGj0fev2;
0pyqDFj1b8ou1XMGj0ff6d;
1_YnxIjRn6r9tC9wHgGw58;
24ehxT1G9FBvYY3TFZpQ3x;
10j3vfs0v9KQvwTGGd$NgX;
10j3vfs0v9KQvwTGGd$NgW;
10j3vfs0v9KQvwTGGd$NgZ;
10j3vfs0v9KQvwTGGd$NgY;
3xcRif4sv86voAEI35bprx;
0NxEzKFBP6lRwXzsHhCA6i;
