0aNC3YsFzEZf8uB9g1nSdZ;0aNC3YsFzEZf8uB9g1nSdt;2_G3CYmpjD1R88WI3Xz4rf;1WQPFqcij6iRfftGTAc$H9;1WQPFqcij6iRfftGTAc$Gt;1WQPFqcij6iRfftGTAc$QO;0JwH4ZBer9exdsW3Xs1_zO
0aNC3YsFzEZf8uB9g1nSdk;0aNC3YsFzEZf8uB9g1nSd$;0aNC3YsFzEZf8uB9g1nSHR;0MhF3zuEzBXwC_J$8wDFXU;1qLd$aRfnB58C7GyIrSsmo
0aNC3YsFzEZf8uB9g1nSdx;0aNC3YsFzEZf8uB9g1nSda;0aNC3YsFzEZf8uB9g1nSc8;0MhF3zuEzBXwC_J$8wDDGK;1WQPFqcij6iRfftGTAcyZu;1WQPFqcij6iRfftGTAcyGD;169UR4u8f5IfysrZg_pJqq
0aNC3YsFzEZf8uB9g1nSdq;0aNC3YsFzEZf8uB9g1nSdY;0aNC3YsFzEZf8uB9g1nSc7;0JwH4ZBer9exdsW3Xs1_wG
0aNC3YsFzEZf8uB9g1nSda;0aNC3YsFzEZf8uB9g1nSdx;0aNC3YsFzEZf8uB9g1nSdW
0aNC3YsFzEZf8uB9g1nSdY;0aNC3YsFzEZf8uB9g1nSdq;0aNC3YsFzEZf8uB9g1nSc6;0aNC3YsFzEZf8uB9g1nSdW;3jY3$PuNP3MgMUTrsNt4PV;1WQPFqcij6iRfftGTAc$Gp;1WQPFqcij6iRfftGTAc$Ui;1WQPFqcij6iRfftGTAc$Gn;0JwH4ZBer9exdsW3Xs1_wG;1WQPFqcij6iRfftGTAc$2V;0pyqDFj1b8ou1XMGj0fk5w
0aNC3YsFzEZf8uB9g1nScE;0aNC3YsFzEZf8uB9g1nSdt;0aNC3YsFzEZf8uB9g1nSc8;0aNC3YsFzEZf8uB9g1nSc2;33WdFHulr6YhyCfaqbl1_4;0MhF3zuEzBXwC_J$8wDDGK;1WQPFqcij6iRfftGTAcyOK
0aNC3YsFzEZf8uB9g1nScD;0aNC3YsFzEZf8uB9g1nSdW;0aNC3YsFzEZf8uB9g1nSes;33WdFHulr6YhyCfaqbl1_4;1WQPFqcij6iRfftGTAcyZu;1WQPFqcij6iRfftGTAcyGD;1WQPFqcij6iRfftGTAc$2V
0aNC3YsFzEZf8uB9g1nSc6;0aNC3YsFzEZf8uB9g1nSdY;0aNC3YsFzEZf8uB9g1nSc7
0aNC3YsFzEZf8uB9g1nScR;3V4w8SHAjCyBUTFZ8uhZ2e;3R2MGTuSfBAR6UB$SwSzdt;1WQPFqcij6iRfftGTAc$Gn
0aNC3YsFzEZf8uB9g1nSdj;0aNC3YsFzEZf8uB9g1nSdi;0aNC3YsFzEZf8uB9g1nSet;0MhF3zuEzBXwC_J$8wDDII;1qLd$aRfnB58C7GyIrSsor
0aNC3YsFzEZf8uB9g1nSdt;0aNC3YsFzEZf8uB9g1nSdZ;0aNC3YsFzEZf8uB9g1nScE;0aNC3YsFzEZf8uB9g1nSc8;0MhF3zuEzBXwC_J$8wDDGK;2_G3CYmpjD1R88WI3Xz4qX;1WQPFqcij6iRfftGTAcyOK;0JwH4ZBer9exdsW3Xs1_zO;2aZ_Dto7fDbevo$VG0HXiq;2aZ_Dto7fDbevo$VG0HXj8
0aNC3YsFzEZf8uB9g1nSc7;0aNC3YsFzEZf8uB9g1nSdq;0aNC3YsFzEZf8uB9g1nSc6
0aNC3YsFzEZf8uB9g1nSdW;0aNC3YsFzEZf8uB9g1nSda;0aNC3YsFzEZf8uB9g1nSdY;0aNC3YsFzEZf8uB9g1nScD;1WQPFqcij6iRfftGTAcyGD;1WQPFqcij6iRfftGTAc$2V;169UR4u8f5IfysrZg_pJqq
0aNC3YsFzEZf8uB9g1nSd$;0aNC3YsFzEZf8uB9g1nSdk;0aNC3YsFzEZf8uB9g1nSeq;2_G3CYmpjD1R88WI3Xz4qC;0JwH4ZBer9exdsW3Xs1$At;1qLd$aRfnB58C7GyIrSs_g;1qLd$aRfnB58C7GyIrSsmo;1qLd$aRfnB58C7GyIrSs$l
0aNC3YsFzEZf8uB9g1nScJ;0aNC3YsFzEZf8uB9g1nScI;0aNC3YsFzEZf8uB9g1nScV;3KZQXY$LH1CRfttEb6cves
0aNC3YsFzEZf8uB9g1nScI;0aNC3YsFzEZf8uB9g1nScJ;3R2MGTuSfBAR6UB$SwSzz0;3eHzf38IP4NBm_82GTLjrw
0aNC3YsFzEZf8uB9g1nSc8;0aNC3YsFzEZf8uB9g1nSdx;0aNC3YsFzEZf8uB9g1nScE;0aNC3YsFzEZf8uB9g1nSdt;0MhF3zuEzBXwC_J$8wDDGK;1WQPFqcij6iRfftGTAcyGD;0FhCwfW0b4_fS3V96JxZJx
0aNC3YsFzEZf8uB9g1nSc2;0aNC3YsFzEZf8uB9g1nScE;0aNC3YsFzEZf8uB9g1nSer;0MhF3zuEzBXwC_J$8wDDMj;1WQPFqcij6iRfftGTAcyOK
0aNC3YsFzEZf8uB9g1nScV;0aNC3YsFzEZf8uB9g1nScJ;3KZQXY$LH1CRfttEb6cves;1WQPFqcij6iRfftGTAc$Ui
0aNC3YsFzEZf8uB9g1nSdi;0aNC3YsFzEZf8uB9g1nSdj;0aNC3YsFzEZf8uB9g1nShA;1qLd$aRfnB58C7GyIrSsor
0aNC3YsFzEZf8uB9g1nSet;0aNC3YsFzEZf8uB9g1nSdj;0aNC3YsFzEZf8uB9g1nSes;0MhF3zuEzBXwC_J$8wDDII
0aNC3YsFzEZf8uB9g1nSes;0aNC3YsFzEZf8uB9g1nScD;0aNC3YsFzEZf8uB9g1nSet;3V4w8SHAjCyBUTFZ8uhZox;33WdFHulr6YhyCfaqbl1_4;0MhF3zuEzBXwC_J$8wDDII;1WQPFqcij6iRfftGTAc$2V
0aNC3YsFzEZf8uB9g1nSer;0aNC3YsFzEZf8uB9g1nSc2;0aNC3YsFzEZf8uB9g1nSeq;0MhF3zuEzBXwC_J$8wDDMj
0aNC3YsFzEZf8uB9g1nShA;0aNC3YsFzEZf8uB9g1nSdi;0aNC3YsFzEZf8uB9g1nShB;0MhF3zuEzBXwC_J$8wDFXT;1qLd$aRfnB58C7GyIrSsor
0aNC3YsFzEZf8uB9g1nSeq;0aNC3YsFzEZf8uB9g1nSd$;0aNC3YsFzEZf8uB9g1nSer;0MhF3zuEzBXwC_J$8wDDMj;1qLd$aRfnB58C7GyIrSs$l
0aNC3YsFzEZf8uB9g1nShB;0aNC3YsFzEZf8uB9g1nShA;0aNC3YsFzEZf8uB9g1nSHQ;3V7W2RscLEExyQLuCnt1oV;3V4w8SHAjCyBUTFZ8uhZV9;0MhF3zuEzBXwC_J$8wDFXT
0aNC3YsFzEZf8uB9g1nSHQ;0aNC3YsFzEZf8uB9g1nShB;0aNC3YsFzEZf8uB9g1nSHR;3V4w8SHAjCyBUTFZ8uhZV9;3V4w8SHAjCyBUTFZ8uhZV8;0MhF3zuEzBXwC_J$8wDFXU;0MhF3zuEzBXwC_J$8wDFXT;1WQPFqcij6iRfftGTAc$Gt;1WQPFqcij6iRfftGTAczLp;1WQPFqcij6iRfftGTAcyD9;0JwH4ZBer9exdsW3Xs1_wG;0JwH4ZBer9exdsW3Xs1_zO;0pyqDFj1b8ou1XMGj0fk5y
0aNC3YsFzEZf8uB9g1nSHR;0aNC3YsFzEZf8uB9g1nSdk;0aNC3YsFzEZf8uB9g1nSHQ;0MhF3zuEzBXwC_J$8wDFXU;2_G3CYmpjD1R88WI3Xz4ql
3V7W2RscLEExyQLuCnt1pP;3V4w8SHAjCyBUTFZ8uhZAP;0XqmV6lT93V9A_AtAupESC;3bmsvJtpP2Lw7375p3CrYk
3V7W2RscLEExyQLuCnt1pQ;3V7W2RscLEExyQLuCnt1oT;3V4w8SHAjCyBUTFZ8uhZAP
3V7W2RscLEExyQLuCnt1pd;3cYPoAMk90vxvLVMNmmhA4;0HLErpwlH7GPXIOwElk89Q;1WQPFqcij6iRfftGTAc$2V
3V7W2RscLEExyQLuCnt1pO;3V7W2RscLEExyQLuCnt1oV;3xDiDpx$nB2hLMfVxR_vLB;3xDiDpx$nB2hLMfVxR_vR2
3V7W2RscLEExyQLuCnt1pJ;3V7W2RscLEExyQLuCnt1pF
3V7W2RscLEExyQLuCnt1pD;3V7W2RscLEExyQLuCnt1pE;3V7W2RscLEExyQLuCnt1p0
3V7W2RscLEExyQLuCnt1pE;3V7W2RscLEExyQLuCnt1pD;3V7W2RscLEExyQLuCnt1pF
3V7W2RscLEExyQLuCnt1pF;3V7W2RscLEExyQLuCnt1pJ;3V7W2RscLEExyQLuCnt1pE;3V7W2RscLEExyQLuCnt1p0
3V7W2RscLEExyQLuCnt1p0;3V7W2RscLEExyQLuCnt1pD;3V7W2RscLEExyQLuCnt1pF
3V7W2RscLEExyQLuCnt1oj;3V7W2RscLEExyQLuCnt1oi;1Xdhl_99H1LxtFe91ySc9n;3xDiDpx$nB2hLMfVxR_vLB
3V7W2RscLEExyQLuCnt1oi;3V7W2RscLEExyQLuCnt1oj;21UIHKuuP16uj5JCg0qyOs;3xDiDpx$nB2hLMfVxR_vLB
3V7W2RscLEExyQLuCnt1ob;21UIHKuuP16uj5JCg0qyOs;0pyqDFj1b8ou1XMGj0fk5w
3V7W2RscLEExyQLuCnt1oT;3V7W2RscLEExyQLuCnt1pQ;0XqmV6lT93V9A_AtAupESF;3xDiDpx$nB2hLMfVxR_vR1;3xDiDpx$nB2hLMfVxR_vR2
3V7W2RscLEExyQLuCnt1oV;0aNC3YsFzEZf8uB9g1nShB;3V7W2RscLEExyQLuCnt1pO;0MhF3zuEzBXwC_J$8wDFXT
3V4w8SHAjCyBUTFZ8uhZV9;0aNC3YsFzEZf8uB9g1nShB;0aNC3YsFzEZf8uB9g1nSHQ;0MhF3zuEzBXwC_J$8wDFXT
3V4w8SHAjCyBUTFZ8uhZV8;0aNC3YsFzEZf8uB9g1nSHQ
3V4w8SHAjCyBUTFZ8uhZ2e;0aNC3YsFzEZf8uB9g1nScR;3R2MGTuSfBAR6UB$SwSzdt
3V4w8SHAjCyBUTFZ8uhZAP;3V7W2RscLEExyQLuCnt1pP;3V7W2RscLEExyQLuCnt1pQ;3bmsvJtpP2Lw7375p3CrYk
3V4w8SHAjCyBUTFZ8uhZox;0aNC3YsFzEZf8uB9g1nSes;0MhF3zuEzBXwC_J$8wDDII;3cYPoAMk90vxvLVMNmmhA6
3jY3$PuNP3MgMUTrsNt4PV;0aNC3YsFzEZf8uB9g1nSdY;1WQPFqcij6iRfftGTAc$2V
3R2MGTuSfBAR6UB$SwSzdt;0aNC3YsFzEZf8uB9g1nScR;3V4w8SHAjCyBUTFZ8uhZ2e
3R2MGTuSfBAR6UB$SwSzz0;0aNC3YsFzEZf8uB9g1nScI;1WQPFqcij6iRfftGTAczLp
3eHzf38IP4NBm_82GTLjrw;0aNC3YsFzEZf8uB9g1nScI;1WQPFqcij6iRfftGTAczLp
3KZQXY$LH1CRfttEb6cves;0aNC3YsFzEZf8uB9g1nScJ;0aNC3YsFzEZf8uB9g1nScV
21UIHKuuP16uj5JCg0qyOs;3V7W2RscLEExyQLuCnt1oi;3V7W2RscLEExyQLuCnt1ob
0XqmV6lT93V9A_AtAupESF;3V7W2RscLEExyQLuCnt1oT;0XqmV6lT93V9A_AtAupESC;3xDiDpx$nB2hLMfVxR_vR1
0XqmV6lT93V9A_AtAupESC;3V7W2RscLEExyQLuCnt1pP;0XqmV6lT93V9A_AtAupESF;3xDiDpx$nB2hLMfVxR_vR3
3bmsvJtpP2Lw7375p3CrYk;3V7W2RscLEExyQLuCnt1pP;3V4w8SHAjCyBUTFZ8uhZAP;1qLd$aRfnB58C7GyIrSsor
33WdFHulr6YhyCfaqbl1_4;0aNC3YsFzEZf8uB9g1nScE;0aNC3YsFzEZf8uB9g1nScD;0aNC3YsFzEZf8uB9g1nSes
0MhF3zuEzBXwC_J$8wDDII;0aNC3YsFzEZf8uB9g1nSdj;0aNC3YsFzEZf8uB9g1nSet;0aNC3YsFzEZf8uB9g1nSes;3V4w8SHAjCyBUTFZ8uhZox
0MhF3zuEzBXwC_J$8wDDGK;0aNC3YsFzEZf8uB9g1nSdx;0aNC3YsFzEZf8uB9g1nScE;0aNC3YsFzEZf8uB9g1nSdt;0aNC3YsFzEZf8uB9g1nSc8;1WQPFqcij6iRfftGTAcyGD
0MhF3zuEzBXwC_J$8wDDMj;0aNC3YsFzEZf8uB9g1nSc2;0aNC3YsFzEZf8uB9g1nSer;0aNC3YsFzEZf8uB9g1nSeq
0MhF3zuEzBXwC_J$8wDFXU;0aNC3YsFzEZf8uB9g1nSdk;0aNC3YsFzEZf8uB9g1nSHQ;0aNC3YsFzEZf8uB9g1nSHR;2_G3CYmpjD1R88WI3Xz4ql
0MhF3zuEzBXwC_J$8wDFXT;0aNC3YsFzEZf8uB9g1nShA;0aNC3YsFzEZf8uB9g1nShB;0aNC3YsFzEZf8uB9g1nSHQ;3V7W2RscLEExyQLuCnt1oV;3V4w8SHAjCyBUTFZ8uhZV9
3cYPoAMk90vxvLVMNmmhA4;3V7W2RscLEExyQLuCnt1pd;3cYPoAMk90vxvLVMNmmhA7;0HLErpwlH7GPXIOwElk89Q;1iMxTVpcb2rhU2MxNV6tfy;2V0bmays95pR3l2kZG47va
3cYPoAMk90vxvLVMNmmhA6;3V4w8SHAjCyBUTFZ8uhZox;3cYPoAMk90vxvLVMNmmhA7;0HLErpwlH7GPXIOwElk89Q
3cYPoAMk90vxvLVMNmmhA7;3cYPoAMk90vxvLVMNmmhA4;3cYPoAMk90vxvLVMNmmhA6;1iMxTVpcb2rhU2MxNV6tfy;2V0bmays95pR3l2kZG47va
0HLErpwlH7GPXIOwElk89Q;3V7W2RscLEExyQLuCnt1pd;3cYPoAMk90vxvLVMNmmhA4;3cYPoAMk90vxvLVMNmmhA6
1Xdhl_99H1LxtFe91ySc9n;3V7W2RscLEExyQLuCnt1oj;1Xdhl_99H1LxtFe91ySc9m;1Xdhl_99H1LxtFe91ySc9p
1Xdhl_99H1LxtFe91ySc9m;1Xdhl_99H1LxtFe91ySc9n
1Xdhl_99H1LxtFe91ySc9p;1Xdhl_99H1LxtFe91ySc9n;0pyqDFj1b8ou1XMGj0fk5y
2_G3CYmpjD1R88WI3Xz4re;2_G3CYmpjD1R88WI3Xz4qW;2_G3CYmpjD1R88WI3Xz4ql;1WQPFqcij6iRfftGTAcy7r
2_G3CYmpjD1R88WI3Xz4rf;0aNC3YsFzEZf8uB9g1nSdZ;1WQPFqcij6iRfftGTAc$H9;1WQPFqcij6iRfftGTAcy7r
2_G3CYmpjD1R88WI3Xz4rk;2_G3CYmpjD1R88WI3Xz4ql;1iMxTVpcb2rhU2MxNV6toJ
2_G3CYmpjD1R88WI3Xz4rl;2_G3CYmpjD1R88WI3Xz4tC;2_G3CYmpjD1R88WI3Xz4tE;1iMxTVpcb2rhU2MxNV6toJ
2_G3CYmpjD1R88WI3Xz4qK;2_G3CYmpjD1R88WI3Xz4q6;2_G3CYmpjD1R88WI3Xz4tB
2_G3CYmpjD1R88WI3Xz4q6;2_G3CYmpjD1R88WI3Xz4qK
2_G3CYmpjD1R88WI3Xz4qC;0aNC3YsFzEZf8uB9g1nSd$;2_G3CYmpjD1R88WI3Xz4qD;1qLd$aRfnB58C7GyIrSs_g
2_G3CYmpjD1R88WI3Xz4qD;2_G3CYmpjD1R88WI3Xz4qC;2_G3CYmpjD1R88WI3Xz4tE;0JwH4ZBer9exdsW3Xs1$At
2_G3CYmpjD1R88WI3Xz4qW;2_G3CYmpjD1R88WI3Xz4re;2_G3CYmpjD1R88WI3Xz4tk;2_G3CYmpjD1R88WI3Xz4ti;2_G3CYmpjD1R88WI3Xz4ql
2_G3CYmpjD1R88WI3Xz4qX;0aNC3YsFzEZf8uB9g1nSdt
2_G3CYmpjD1R88WI3Xz4tC;2_G3CYmpjD1R88WI3Xz4rl;1qLd$aRfnB58C7GyIrSs_g;1qLd$aRfnB58C7GyIrSs$l
2_G3CYmpjD1R88WI3Xz4tE;2_G3CYmpjD1R88WI3Xz4rl;2_G3CYmpjD1R88WI3Xz4qD
2_G3CYmpjD1R88WI3Xz4tB;2_G3CYmpjD1R88WI3Xz4qK
2_G3CYmpjD1R88WI3Xz4tj;2_G3CYmpjD1R88WI3Xz4ti;1WQPFqcij6iRfftGTAc$H9;1WQPFqcij6iRfftGTAc$Gt
2_G3CYmpjD1R88WI3Xz4tk;2_G3CYmpjD1R88WI3Xz4qW;2_G3CYmpjD1R88WI3Xz4ti;1WQPFqcij6iRfftGTAcyD9
3xDiDpx$nB2hLMfVxR_vR1;3V7W2RscLEExyQLuCnt1oT;0XqmV6lT93V9A_AtAupESF;3xDiDpx$nB2hLMfVxR_vR0;3xDiDpx$nB2hLMfVxR_vR3
3xDiDpx$nB2hLMfVxR_vR0;3xDiDpx$nB2hLMfVxR_vR1;3xDiDpx$nB2hLMfVxR_vR3;1qLd$aRfnB58C7GyIrSsor
3xDiDpx$nB2hLMfVxR_vR3;0XqmV6lT93V9A_AtAupESC;3xDiDpx$nB2hLMfVxR_vR1;3xDiDpx$nB2hLMfVxR_vR0
2_G3CYmpjD1R88WI3Xz4ti;2_G3CYmpjD1R88WI3Xz4qW;2_G3CYmpjD1R88WI3Xz4tj;2_G3CYmpjD1R88WI3Xz4tk
2_G3CYmpjD1R88WI3Xz4ql;0aNC3YsFzEZf8uB9g1nSHR;0MhF3zuEzBXwC_J$8wDFXU;2_G3CYmpjD1R88WI3Xz4re;2_G3CYmpjD1R88WI3Xz4rk;2_G3CYmpjD1R88WI3Xz4qW
3xDiDpx$nB2hLMfVxR_vLB;3V7W2RscLEExyQLuCnt1pO;3V7W2RscLEExyQLuCnt1oj;3V7W2RscLEExyQLuCnt1oi
3xDiDpx$nB2hLMfVxR_vR2;3V7W2RscLEExyQLuCnt1pO;3V7W2RscLEExyQLuCnt1oT
1iMxTVpcb2rhU2MxNV6tfy;3cYPoAMk90vxvLVMNmmhA4;3cYPoAMk90vxvLVMNmmhA7;2V0bmays95pR3l2kZG47va
1iMxTVpcb2rhU2MxNV6toJ;2_G3CYmpjD1R88WI3Xz4rk;2_G3CYmpjD1R88WI3Xz4rl
2V0bmays95pR3l2kZG47va;3cYPoAMk90vxvLVMNmmhA4;3cYPoAMk90vxvLVMNmmhA7;1iMxTVpcb2rhU2MxNV6tfy
1WQPFqcij6iRfftGTAc$H9;0aNC3YsFzEZf8uB9g1nSdZ;2_G3CYmpjD1R88WI3Xz4rf;2_G3CYmpjD1R88WI3Xz4tj;1WQPFqcij6iRfftGTAc$Gt
1WQPFqcij6iRfftGTAc$Gt;0aNC3YsFzEZf8uB9g1nSdZ;0aNC3YsFzEZf8uB9g1nSHQ;2_G3CYmpjD1R88WI3Xz4tj;1WQPFqcij6iRfftGTAc$H9;1WQPFqcij6iRfftGTAc$QO;1WQPFqcij6iRfftGTAcyD9
1WQPFqcij6iRfftGTAc$Gp;0aNC3YsFzEZf8uB9g1nSdY;1WQPFqcij6iRfftGTAc$Ui;1WQPFqcij6iRfftGTAczLp;0pyqDFj1b8ou1XMGj0fk5w
1WQPFqcij6iRfftGTAc$QO;0aNC3YsFzEZf8uB9g1nSdZ;1WQPFqcij6iRfftGTAc$Gt;0JwH4ZBer9exdsW3Xs1_zO
1WQPFqcij6iRfftGTAc$Ui;0aNC3YsFzEZf8uB9g1nSdY;0aNC3YsFzEZf8uB9g1nScV;1WQPFqcij6iRfftGTAc$Gp;1WQPFqcij6iRfftGTAc$Gn
1WQPFqcij6iRfftGTAcyZu;0aNC3YsFzEZf8uB9g1nSdx;0aNC3YsFzEZf8uB9g1nScD;1WQPFqcij6iRfftGTAcyGD
1WQPFqcij6iRfftGTAcyOK;0aNC3YsFzEZf8uB9g1nScE;0aNC3YsFzEZf8uB9g1nSdt;0aNC3YsFzEZf8uB9g1nSc2
1WQPFqcij6iRfftGTAcyGD;0aNC3YsFzEZf8uB9g1nSdx;0aNC3YsFzEZf8uB9g1nScD;0aNC3YsFzEZf8uB9g1nSdW;0aNC3YsFzEZf8uB9g1nSc8;0MhF3zuEzBXwC_J$8wDDGK;1WQPFqcij6iRfftGTAcyZu
1WQPFqcij6iRfftGTAczWd
1WQPFqcij6iRfftGTAczLp;0aNC3YsFzEZf8uB9g1nSHQ;3R2MGTuSfBAR6UB$SwSzz0;3eHzf38IP4NBm_82GTLjrw;1WQPFqcij6iRfftGTAc$Gp;0pyqDFj1b8ou1XMGj0fk5y
1WQPFqcij6iRfftGTAc$Gn;0aNC3YsFzEZf8uB9g1nSdY;0aNC3YsFzEZf8uB9g1nScR;1WQPFqcij6iRfftGTAc$Ui;0JwH4ZBer9exdsW3Xs1_wG
1WQPFqcij6iRfftGTAcyD9;0aNC3YsFzEZf8uB9g1nSHQ;2_G3CYmpjD1R88WI3Xz4tk;1WQPFqcij6iRfftGTAc$Gt
0JwH4ZBer9exdsW3Xs1_wG;0aNC3YsFzEZf8uB9g1nSdq;0aNC3YsFzEZf8uB9g1nSdY;0aNC3YsFzEZf8uB9g1nSHQ;1WQPFqcij6iRfftGTAc$Gn;2aZ_Dto7fDbevo$VG0HXin;2aZ_Dto7fDbevo$VG0HXir
0JwH4ZBer9exdsW3Xs1$At;0aNC3YsFzEZf8uB9g1nSd$;2_G3CYmpjD1R88WI3Xz4qD;1qLd$aRfnB58C7GyIrSsmo
1WQPFqcij6iRfftGTAc$2V;0aNC3YsFzEZf8uB9g1nSdY;0aNC3YsFzEZf8uB9g1nScD;0aNC3YsFzEZf8uB9g1nSdW;0aNC3YsFzEZf8uB9g1nSes;3V7W2RscLEExyQLuCnt1pd;3jY3$PuNP3MgMUTrsNt4PV
1WQPFqcij6iRfftGTAcy7r;2_G3CYmpjD1R88WI3Xz4re;2_G3CYmpjD1R88WI3Xz4rf
2eAZvXReD5rxCsRcBVQwxO
2eAZvXReD5rxCsRcBVQwvx
0JwH4ZBer9exdsW3Xs1_zO;0aNC3YsFzEZf8uB9g1nSdZ;0aNC3YsFzEZf8uB9g1nSdt;0aNC3YsFzEZf8uB9g1nSHQ;1WQPFqcij6iRfftGTAc$QO
0pyqDFj1b8ou1XMGj0fk5w;0aNC3YsFzEZf8uB9g1nSdY;3V7W2RscLEExyQLuCnt1ob;1WQPFqcij6iRfftGTAc$Gp
0pyqDFj1b8ou1XMGj0fk3a
0pyqDFj1b8ou1XMGj0fk5y;0aNC3YsFzEZf8uB9g1nSHQ;1Xdhl_99H1LxtFe91ySc9p;1WQPFqcij6iRfftGTAczLp
0pyqDFj1b8ou1XMGj0ffLi
0MXhwXpTnD5winnseqQxo0
169UR4u8f5IfysrZg_pJqq;0aNC3YsFzEZf8uB9g1nSdx;0aNC3YsFzEZf8uB9g1nSdW
2cZ6AGv1n9$PsnxX3G51og
2aZ_Dto7fDbevo$VG0HXin;0JwH4ZBer9exdsW3Xs1_wG;2aZ_Dto7fDbevo$VG0HXim
2aZ_Dto7fDbevo$VG0HXim;2aZ_Dto7fDbevo$VG0HXin;2aZ_Dto7fDbevo$VG0HXit
2aZ_Dto7fDbevo$VG0HXit;2aZ_Dto7fDbevo$VG0HXim;2aZ_Dto7fDbevo$VG0HXis
2aZ_Dto7fDbevo$VG0HXis;2aZ_Dto7fDbevo$VG0HXit;2aZ_Dto7fDbevo$VG0HXir
2aZ_Dto7fDbevo$VG0HXiq;0aNC3YsFzEZf8uB9g1nSdt;2aZ_Dto7fDbevo$VG0HXjB
2aZ_Dto7fDbevo$VG0HXir;0JwH4ZBer9exdsW3Xs1_wG;2aZ_Dto7fDbevo$VG0HXis
2aZ_Dto7fDbevo$VG0HXjB;2aZ_Dto7fDbevo$VG0HXiq;2aZ_Dto7fDbevo$VG0HXjA
2aZ_Dto7fDbevo$VG0HXjA;2aZ_Dto7fDbevo$VG0HXjB;2aZ_Dto7fDbevo$VG0HXj9
2aZ_Dto7fDbevo$VG0HXj9;2aZ_Dto7fDbevo$VG0HXjA;2aZ_Dto7fDbevo$VG0HXj8
2aZ_Dto7fDbevo$VG0HXj8;0aNC3YsFzEZf8uB9g1nSdt;2aZ_Dto7fDbevo$VG0HXj9
0FhCwfW0b4_fS3V96JxZGG;0FhCwfW0b4_fS3V96JxZJx
0FhCwfW0b4_fS3V96JxZJx;0aNC3YsFzEZf8uB9g1nSc8;0FhCwfW0b4_fS3V96JxZGG
1qLd$aRfnB58C7GyIrSs_g;0aNC3YsFzEZf8uB9g1nSd$;2_G3CYmpjD1R88WI3Xz4qC;2_G3CYmpjD1R88WI3Xz4tC;1qLd$aRfnB58C7GyIrSs$l
1qLd$aRfnB58C7GyIrSsmo;0aNC3YsFzEZf8uB9g1nSdk;0aNC3YsFzEZf8uB9g1nSd$;0JwH4ZBer9exdsW3Xs1$At
1qLd$aRfnB58C7GyIrSs$l;0aNC3YsFzEZf8uB9g1nSd$;0aNC3YsFzEZf8uB9g1nSeq;2_G3CYmpjD1R88WI3Xz4tC;1qLd$aRfnB58C7GyIrSs_g
1qLd$aRfnB58C7GyIrSsor;0aNC3YsFzEZf8uB9g1nSdj;0aNC3YsFzEZf8uB9g1nSdi;0aNC3YsFzEZf8uB9g1nShA;3bmsvJtpP2Lw7375p3CrYk;3xDiDpx$nB2hLMfVxR_vR0
3xcRif4sv86voAEI35bpCh
