1jdFRSJ$H28g9RdT4gD1lb;2BWX4TR0f6kxOj9DspOywN
1jdFRSJ$H28g9RdT4gD1i9;2BWX4TR0f6kxOj9DspOywN
0MhF3zuEzBXwC_J$8wDFyU;2BWX4TR0f6kxOj9DspOyxr,2BWX4TR0f6kxOj9DspOyxr,2gEjYa5pfD_B5QQKCn9ORS,2gEjYa5pfD_B5QQKCn9ORS
1jdFRSJ$H28g9RdT4gD1iC;2BWX4TR0f6kxOj9DspOyxr,2gEjYa5pfD_B5QQKCn9ORS
1jdFRSJ$H28g9RdT4gD1iM;2BWX4TR0f6kxOj9DspOyxq
1jdFRSJ$H28g9RdT4gD1iB;2BWX4TR0f6kxOj9DspOyxg
1uJ6YMZDf60OYNx_5On0rf;2BWX4TR0f6kxOj9DspOyxg
0SeBC9TD5BjBbdFFaCJVMZ;2BWX4TR0f6kxOj9DspOyxg
1jdFRSJ$H28g9RdT4gD1iN;2BWX4TR0f6kxOj9DspOyxg,18PfoMwJn589KwNMr$Zv96
0MhF3zuEzBXwC_J$8wDFuu;2BWX4TR0f6kxOj9DspOyxf,2BWX4TR0f6kxOj9DspOyxf,2gEjYa5pfD_B5QQKCn9ORO,2gEjYa5pfD_B5QQKCn9ORO
1jdFRSJ$H28g9RdT4gD1la;2BWX4TR0f6kxOj9DspOyxf,2gEjYa5pfD_B5QQKCn9ORO
1jdFRSJ$H28g9RdT4gD1ld;2BWX4TR0f6kxOj9DspOyxe
1jdFRSJ$H28g9RdT4gD1ls;2BWX4TR0f6kxOj9DspOyyB
1jdFRSJ$H28g9RdT4gD1ly;2BWX4TR0f6kxOj9DspOyy9
1jdFRSJ$H28g9RdT4gD1lj;2BWX4TR0f6kxOj9DspOyy8
169UR4u8f5IfysrZg_pGhr;2BWX4TR0f6kxOj9DspOyy8,2BWX4TR0f6kxOj9DspOyy8,2gEjYa5pfD_B5QQKCn9ORR,2gEjYa5pfD_B5QQKCn9ORR
1jdFRSJ$H28g9RdT4gD1li;2BWX4TR0f6kxOj9DspOyy8,2gEjYa5pfD_B5QQKCn9ORR
1jdFRSJ$H28g9RdT4gD1lz;2BWX4TR0f6kxOj9DspOy__
0MhF3zuEzBXwC_J$8wDFt4;2BWX4TR0f6kxOj9DspOy_z,2BWX4TR0f6kxOj9DspOy_z,2gEjYa5pfD_B5QQKCn9ORP,2gEjYa5pfD_B5QQKCn9ORP
1jdFRSJ$H28g9RdT4gD1lZ;2BWX4TR0f6kxOj9DspOy_z,2gEjYa5pfD_B5QQKCn9ORP
1jdFRSJ$H28g9RdT4gD1lW;2BWX4TR0f6kxOj9DspOy_p
3F20D9LUzBFPiJKN4mpzdU;2BWX4TR0f6kxOj9DspOy_p
1jdFRSJ$H28g9RdT4gD1iA;2BWX4TR0f6kxOj9DspOy_n,2gEjYa5pfD_B5QQKCn9ORQ
1$UkFGv$93m9yvMFzTqFPP;2BWX4TR0f6kxOj9DspOy_m,2BWX4TR0f6kxOj9DspOy_m,2gEjYa5pfD_B5QQKCn9ORQ
1jdFRSJ$H28g9RdT4gD1iD;2BWX4TR0f6kxOj9DspOy_m,2gEjYa5pfD_B5QQKCn9ORQ
3F20D9LUzBFPiJKN4mpzdT;2BWX4TR0f6kxOj9DspOy_m
