1jdFRSJ$H28g9RdT4gD1lP;1jdFRSJ$H28g9RdT4gD1lc,1jdFRSJ$H28g9RdT4gD1l$,10j3vfs0v9KQvwTGGd$NgN
1jdFRSJ$H28g9RdT4gD1lc;1jdFRSJ$H28g9RdT4gD1lP,1jdFRSJ$H28g9RdT4gD1lr,10j3vfs0v9KQvwTGGd$NgN
1jdFRSJ$H28g9RdT4gD1lY;1jdFRSJ$H28g9RdT4gD1ln,10j3vfs0v9KQvwTGGd$NZa,10j3vfs0v9KQvwTGGd$NZd,10j3vfs0v9KQvwTGGd$NZc
1jdFRSJ$H28g9RdT4gD1lq;1jdFRSJ$H28g9RdT4gD1lr,1jdFRSJ$H28g9RdT4gD1lp,2BWX4TR0f6kxOj9DspOyxB
1jdFRSJ$H28g9RdT4gD1lr;1jdFRSJ$H28g9RdT4gD1lc,1jdFRSJ$H28g9RdT4gD1lq,10j3vfs0v9KQvwTGGd$NgN
1jdFRSJ$H28g9RdT4gD1lo;1jdFRSJ$H28g9RdT4gD1lp,2V0bmays95pR3l2kZG47GF
1jdFRSJ$H28g9RdT4gD1lp;1jdFRSJ$H28g9RdT4gD1lq,1jdFRSJ$H28g9RdT4gD1lo,2BWX4TR0f6kxOj9DspOy$Y,2eAZvXReD5rxCsRcBVQxA0,2eAZvXReD5rxCsRcBVQxry,0F3GNFyX11HPrJ8Qx_LlOD,0F3GNFyX11HPrJ8Qx_LlO9
1jdFRSJ$H28g9RdT4gD1lm;1jdFRSJ$H28g9RdT4gD1ln,1jdFRSJ$H28g9RdT4gD1l_
1jdFRSJ$H28g9RdT4gD1ln;1jdFRSJ$H28g9RdT4gD1lY,1jdFRSJ$H28g9RdT4gD1lm,2BWX4TR0f6kxOj9DspOyzg,10j3vfs0v9KQvwTGGd$NZc
1jdFRSJ$H28g9RdT4gD1l_;1jdFRSJ$H28g9RdT4gD1lm,1jdFRSJ$H28g9RdT4gD1l$,2BWX4TR0f6kxOj9DspOywa,2eAZvXReD5rxCsRcBVQxAq,2eAZvXReD5rxCsRcBVQxAo,2eAZvXReD5rxCsRcBVQxrt,2eAZvXReD5rxCsRcBVQxrq,0NxEzKFBP6lRwXzsHhCA01,0F3GNFyX11HPrJ8Qx_LlOX,0F3GNFyX11HPrJ8Qx_LlOZ,0F3GNFyX11HPrJ8Qx_LlPq,0F3GNFyX11HPrJ8Qx_LlPn
1jdFRSJ$H28g9RdT4gD1l$;1jdFRSJ$H28g9RdT4gD1lP,1jdFRSJ$H28g9RdT4gD1l_
1jdFRSJ$H28g9RdT4gD1lu;2BWX4TR0f6kxOj9DspOyzf
2BWX4TR0f6kxOj9DspOywa;1jdFRSJ$H28g9RdT4gD1l_,0I$rroJjr9rR99WWuVt7IN
2BWX4TR0f6kxOj9DspOywL;0I$rroJjr9rR99WWuVt7IL,0I$rroJjr9rR99WWuVt7IM,2eAZvXReD5rxCsRcBVQxrt,0F3GNFyX11HPrJ8Qx_LlPq
2BWX4TR0f6kxOj9DspOywK;2BWX4TR0f6kxOj9DspOyxB,3kCZLnWtvEzg0cz5DmHZVR,3xDiDpx$nB2hLMfVxR_ubh
2BWX4TR0f6kxOj9DspOywB;2BWX4TR0f6kxOj9DspOy$3,1zSSm83_HDE9$m_gaTXb$3,3bmsvJtpP2Lw7375p3Crmk,3xDiDpx$nB2hLMfVxR_ubb
2BWX4TR0f6kxOj9DspOywA;2BWX4TR0f6kxOj9DspOyxL,2BWX4TR0f6kxOj9DspOy$3,3xDiDpx$nB2hLMfVxR_ubh
2BWX4TR0f6kxOj9DspOyw1;2BWX4TR0f6kxOj9DspOyx_
2BWX4TR0f6kxOj9DspOyxu;2BWX4TR0f6kxOj9DspOyx$,2BWX4TR0f6kxOj9DspOyxz
2BWX4TR0f6kxOj9DspOyx$;2BWX4TR0f6kxOj9DspOyxu,2BWX4TR0f6kxOj9DspOyx_
2BWX4TR0f6kxOj9DspOyx_;2BWX4TR0f6kxOj9DspOyw1,2BWX4TR0f6kxOj9DspOyx$,2BWX4TR0f6kxOj9DspOyxz
2BWX4TR0f6kxOj9DspOyxz;2BWX4TR0f6kxOj9DspOyxu,2BWX4TR0f6kxOj9DspOyx_
2BWX4TR0f6kxOj9DspOyxb;2BWX4TR0f6kxOj9DspOy$z,2BWX4TR0f6kxOj9DspOy$1,3kCZLnWtvEzg0cz5DmHZVR
2BWX4TR0f6kxOj9DspOyxT;2BWX4TR0f6kxOj9DspOy$1,2eAZvXReD5rxCsRcBVQxA2,0F3GNFyX11HPrJ8Qx_LlO3
2BWX4TR0f6kxOj9DspOyxL;2BWX4TR0f6kxOj9DspOywA,1zSSm83_HDE9$m_gaTXb$2,3xDiDpx$nB2hLMfVxR_ubh,3xDiDpx$nB2hLMfVxR_uba
2BWX4TR0f6kxOj9DspOyxB;1jdFRSJ$H28g9RdT4gD1lq,2BWX4TR0f6kxOj9DspOywK
2BWX4TR0f6kxOj9DspOyyo;2BWX4TR0f6kxOj9DspOyyP,2eAZvXReD5rxCsRcBVQxrp,0F3GNFyX11HPrJ8Qx_LlPm
2BWX4TR0f6kxOj9DspOyyt;2BWX4TR0f6kxOj9DspOyys,2eAZvXReD5rxCsRcBVQxrw,2eAZvXReD5rxCsRcBVQxrv,0F3GNFyX11HPrJ8Qx_LlOB,0F3GNFyX11HPrJ8Qx_LlOA
2BWX4TR0f6kxOj9DspOyys;2BWX4TR0f6kxOj9DspOyyt,00notMX9v9xvvsi$nBcCU5
2BWX4TR0f6kxOj9DspOyyj;2BWX4TR0f6kxOj9DspOyyZ,2BWX4TR0f6kxOj9DspOy$h
2BWX4TR0f6kxOj9DspOyyZ;2BWX4TR0f6kxOj9DspOyyj
2BWX4TR0f6kxOj9DspOyyP;2BWX4TR0f6kxOj9DspOyyo,1zSSm83_HDE9$m_gaTXbRG,1Z9K8nYs50ZfrnGeCEnmlJ
2BWX4TR0f6kxOj9DspOyyH;2BWX4TR0f6kxOj9DspOy$Y,00notMX9v9xvvsi$nBcCU5,2eAZvXReD5rxCsRcBVQxry,0F3GNFyX11HPrJ8Qx_LlO9
2BWX4TR0f6kxOj9DspOyy3;2BWX4TR0f6kxOj9DspOy$h,2eAZvXReD5rxCsRcBVQxrv,2eAZvXReD5rxCsRcBVQxrp,0F3GNFyX11HPrJ8Qx_LlOA,0F3GNFyX11HPrJ8Qx_LlPm
2BWX4TR0f6kxOj9DspOyzh;2BWX4TR0f6kxOj9DspOyzf,3xDiDpx$nB2hLMfVxR_uI_
2BWX4TR0f6kxOj9DspOyzg;1jdFRSJ$H28g9RdT4gD1ln,2BWX4TR0f6kxOj9DspOy_M,2BWX4TR0f6kxOj9DspOy$7
2BWX4TR0f6kxOj9DspOyzf;1jdFRSJ$H28g9RdT4gD1lu,2BWX4TR0f6kxOj9DspOyzh,2BWX4TR0f6kxOj9DspOy_G,2BWX4TR0f6kxOj9DspOy$t
2BWX4TR0f6kxOj9DspOyzj;2BWX4TR0f6kxOj9DspOyzA
2BWX4TR0f6kxOj9DspOyzK;2BWX4TR0f6kxOj9DspOyzB,2BWX4TR0f6kxOj9DspOyz9
2BWX4TR0f6kxOj9DspOyzB;2BWX4TR0f6kxOj9DspOyzK,2BWX4TR0f6kxOj9DspOyzA
2BWX4TR0f6kxOj9DspOyzA;2BWX4TR0f6kxOj9DspOyzj,2BWX4TR0f6kxOj9DspOyzB,2BWX4TR0f6kxOj9DspOyz9
2BWX4TR0f6kxOj9DspOyz9;2BWX4TR0f6kxOj9DspOyzK,2BWX4TR0f6kxOj9DspOyzA
2BWX4TR0f6kxOj9DspOyz8;2BWX4TR0f6kxOj9DspOyzF,10j3vfs0v9KQvwTGGd$NZd
2BWX4TR0f6kxOj9DspOyzF;2BWX4TR0f6kxOj9DspOyz8,2BWX4TR0f6kxOj9DspOy$5,2b_tLCFpTFY81K45HP8hT0
2BWX4TR0f6kxOj9DspOy_Q;2BWX4TR0f6kxOj9DspOy$D,2eAZvXReD5rxCsRcBVQxrs,0F3GNFyX11HPrJ8Qx_LlPt
2BWX4TR0f6kxOj9DspOy_G;2BWX4TR0f6kxOj9DspOyzf,2BWX4TR0f6kxOj9DspOy$t,2eAZvXReD5rxCsRcBVQxAA,24ehxT1G9FBvYY3TFZpQEF,0F3GNFyX11HPrJ8Qx_LlOR,0F3GNFyX11HPrJ8Qx_LlPz
2BWX4TR0f6kxOj9DspOy_M;2BWX4TR0f6kxOj9DspOyzg,2BWX4TR0f6kxOj9DspOy$7,3xDiDpx$nB2hLMfVxR_uI_
2BWX4TR0f6kxOj9DspOy$z;2BWX4TR0f6kxOj9DspOyxb,0ami_Pw1b3M8bXapYJyMuA,3kCZLnWtvEzg0cz5DmHZVR,2V0bmays95pR3l2kZG4uOE
2BWX4TR0f6kxOj9DspOy$n;2eAZvXReD5rxCsRcBVQxAp,2eAZvXReD5rxCsRcBVQxrt,0F3GNFyX11HPrJ8Qx_LlOW,0F3GNFyX11HPrJ8Qx_LlPq
2BWX4TR0f6kxOj9DspOy$t;2BWX4TR0f6kxOj9DspOyzf,2BWX4TR0f6kxOj9DspOy_G,2BWX4TR0f6kxOj9DspOy$0
2BWX4TR0f6kxOj9DspOy$s;2BWX4TR0f6kxOj9DspOy$0,2eAZvXReD5rxCsRcBVQxA9,24ehxT1G9FBvYY3TFZpQEF,0F3GNFyX11HPrJ8Qx_LlPz
2BWX4TR0f6kxOj9DspOy$h;2BWX4TR0f6kxOj9DspOyyj,2BWX4TR0f6kxOj9DspOyy3
2BWX4TR0f6kxOj9DspOy$Y;1jdFRSJ$H28g9RdT4gD1lp,2BWX4TR0f6kxOj9DspOyyH,00notMX9v9xvvsi$nBcCU5
2BWX4TR0f6kxOj9DspOy$D;2BWX4TR0f6kxOj9DspOy_Q,2BWX4TR0f6kxOj9DspOy$C
2BWX4TR0f6kxOj9DspOy$C;2BWX4TR0f6kxOj9DspOy$D,2eAZvXReD5rxCsRcBVQxrq,0F3GNFyX11HPrJ8Qx_LlPn
2BWX4TR0f6kxOj9DspOy$3;2BWX4TR0f6kxOj9DspOywB,2BWX4TR0f6kxOj9DspOywA,3bmsvJtpP2Lw7375p3Crmk
2BWX4TR0f6kxOj9DspOy$1;2BWX4TR0f6kxOj9DspOyxb,2BWX4TR0f6kxOj9DspOyxT
2BWX4TR0f6kxOj9DspOy$0;2BWX4TR0f6kxOj9DspOy$t,2BWX4TR0f6kxOj9DspOy$s
2BWX4TR0f6kxOj9DspOy$7;2BWX4TR0f6kxOj9DspOyzg,2BWX4TR0f6kxOj9DspOy_M,10j3vfs0v9KQvwTGGd$NZd,10j3vfs0v9KQvwTGGd$NZc
2BWX4TR0f6kxOj9DspOy$5;2BWX4TR0f6kxOj9DspOyzF,3xDiDpx$nB2hLMfVxR_uI_
0ami_Pw1b3M8bXapYJyMuB;0ami_Pw1b3M8bXapYJyMuA,2eAZvXReD5rxCsRcBVQxA0,0F3GNFyX11HPrJ8Qx_LlOD
0ami_Pw1b3M8bXapYJyMuA;2BWX4TR0f6kxOj9DspOy$z,0ami_Pw1b3M8bXapYJyMuB,2V0bmays95pR3l2kZG4uOE
0ami_Pw1b3M8bXapYJyMuD;2V0bmays95pR3l2kZG4uOE
3kCZLnWtvEzg0cz5DmHZVR;2BWX4TR0f6kxOj9DspOywK,2BWX4TR0f6kxOj9DspOyxb,2BWX4TR0f6kxOj9DspOy$z
1G1NcEL_X3bxAX3yk1c_c9;2b_tLCFpTFY81K45HP8hT0,10j3vfs0v9KQvwTGGd$NZa
1zSSm83_HDE9$m_gaTXb$2;2BWX4TR0f6kxOj9DspOyxL,1zSSm83_HDE9$m_gaTXb$3,3xDiDpx$nB2hLMfVxR_uba
1zSSm83_HDE9$m_gaTXb$3;2BWX4TR0f6kxOj9DspOywB,1zSSm83_HDE9$m_gaTXb$2,3xDiDpx$nB2hLMfVxR_ubb
1zSSm83_HDE9$m_gaTXbRG;2BWX4TR0f6kxOj9DspOyyP,2eAZvXReD5rxCsRcBVQxru,0F3GNFyX11HPrJ8Qx_LlPr
09XVQP3ifDnxPnLr7vToyM;00notMX9v9xvvsi$nBcCU5,2eAZvXReD5rxCsRcBVQxry,0F3GNFyX11HPrJ8Qx_LlO9
3bmsvJtpP2Lw7375p3Crmk;2BWX4TR0f6kxOj9DspOywB,2BWX4TR0f6kxOj9DspOy$3,10j3vfs0v9KQvwTGGd$NgN
0I$rroJjr9rR99WWuVt7IL;2BWX4TR0f6kxOj9DspOywL,0I$rroJjr9rR99WWuVt7IM,2V0bmays95pR3l2kZG47nw
0I$rroJjr9rR99WWuVt7IM;2BWX4TR0f6kxOj9DspOywL,0I$rroJjr9rR99WWuVt7IL,0I$rroJjr9rR99WWuVt7IN
0I$rroJjr9rR99WWuVt7IN;2BWX4TR0f6kxOj9DspOywa,0I$rroJjr9rR99WWuVt7IM
3xDiDpx$nB2hLMfVxR_ubh;2BWX4TR0f6kxOj9DspOywK,2BWX4TR0f6kxOj9DspOywA,2BWX4TR0f6kxOj9DspOyxL
3xDiDpx$nB2hLMfVxR_ubg;3xDiDpx$nB2hLMfVxR_ubb,10j3vfs0v9KQvwTGGd$NgN
3xDiDpx$nB2hLMfVxR_ubb;2BWX4TR0f6kxOj9DspOywB,1zSSm83_HDE9$m_gaTXb$3,3xDiDpx$nB2hLMfVxR_ubg,3xDiDpx$nB2hLMfVxR_uba
3xDiDpx$nB2hLMfVxR_uba;2BWX4TR0f6kxOj9DspOyxL,1zSSm83_HDE9$m_gaTXb$2,3xDiDpx$nB2hLMfVxR_ubb
3xDiDpx$nB2hLMfVxR_uI_;2BWX4TR0f6kxOj9DspOyzh,2BWX4TR0f6kxOj9DspOy_M,2BWX4TR0f6kxOj9DspOy$5
1Z9K8nYs50ZfrnGeCEnmlJ;2BWX4TR0f6kxOj9DspOyyP,2V0bmays95pR3l2kZG47GF
00notMX9v9xvvsi$nBcCU5;2BWX4TR0f6kxOj9DspOyys,2BWX4TR0f6kxOj9DspOyyH,2BWX4TR0f6kxOj9DspOy$Y,09XVQP3ifDnxPnLr7vToyM
2V0bmays95pR3l2kZG4uOE;2BWX4TR0f6kxOj9DspOy$z,0ami_Pw1b3M8bXapYJyMuA,0ami_Pw1b3M8bXapYJyMuD
2V0bmays95pR3l2kZG47nw;0I$rroJjr9rR99WWuVt7IL
2V0bmays95pR3l2kZG47GF;1jdFRSJ$H28g9RdT4gD1lo,1Z9K8nYs50ZfrnGeCEnmlJ
2b_tLCFpTFY81K45HP8hT0;2BWX4TR0f6kxOj9DspOyzF,1G1NcEL_X3bxAX3yk1c_c9
2eAZvXReD5rxCsRcBVQxAq;1jdFRSJ$H28g9RdT4gD1l_,2eAZvXReD5rxCsRcBVQxAp,2eAZvXReD5rxCsRcBVQxAe,2eAZvXReD5rxCsRcBVQxA9,2eAZvXReD5rxCsRcBVQxrs,2eAZvXReD5rxCsRcBVQxrq,2eAZvXReD5rxCsRcBVQxrp,0F3GNFyX11HPrJ8Qx_LlOX,0F3GNFyX11HPrJ8Qx_LlOW,0F3GNFyX11HPrJ8Qx_LlOL,0F3GNFyX11HPrJ8Qx_LlOQ,0F3GNFyX11HPrJ8Qx_LlPt,0F3GNFyX11HPrJ8Qx_LlPn,0F3GNFyX11HPrJ8Qx_LlPm
2eAZvXReD5rxCsRcBVQxAp;2BWX4TR0f6kxOj9DspOy$n,2eAZvXReD5rxCsRcBVQxAq,2eAZvXReD5rxCsRcBVQxAo,2eAZvXReD5rxCsRcBVQxAf,2eAZvXReD5rxCsRcBVQxA6,2eAZvXReD5rxCsRcBVQxA2,2eAZvXReD5rxCsRcBVQxrw,2eAZvXReD5rxCsRcBVQxrv,2eAZvXReD5rxCsRcBVQxrt,2eAZvXReD5rxCsRcBVQxrp,0F3GNFyX11HPrJ8Qx_LlOX,0F3GNFyX11HPrJ8Qx_LlOW,0F3GNFyX11HPrJ8Qx_LlOZ,0F3GNFyX11HPrJ8Qx_LlOg,0F3GNFyX11HPrJ8Qx_LlO7,0F3GNFyX11HPrJ8Qx_LlO3,0F3GNFyX11HPrJ8Qx_LlOB,0F3GNFyX11HPrJ8Qx_LlOA,0F3GNFyX11HPrJ8Qx_LlPq,0F3GNFyX11HPrJ8Qx_LlPm
2eAZvXReD5rxCsRcBVQxAo;1jdFRSJ$H28g9RdT4gD1l_,2eAZvXReD5rxCsRcBVQxAp,2eAZvXReD5rxCsRcBVQxAn,2eAZvXReD5rxCsRcBVQxAl,2eAZvXReD5rxCsRcBVQxrt,0F3GNFyX11HPrJ8Qx_LlOW,0F3GNFyX11HPrJ8Qx_LlOZ,0F3GNFyX11HPrJ8Qx_LlOY,0F3GNFyX11HPrJ8Qx_LlOi,0F3GNFyX11HPrJ8Qx_LlPq
2eAZvXReD5rxCsRcBVQxAn;2eAZvXReD5rxCsRcBVQxAo,2eAZvXReD5rxCsRcBVQxAm,0F3GNFyX11HPrJ8Qx_LlOZ,0F3GNFyX11HPrJ8Qx_LlOY,0F3GNFyX11HPrJ8Qx_LlOj
2eAZvXReD5rxCsRcBVQxAm;2eAZvXReD5rxCsRcBVQxAn,2eAZvXReD5rxCsRcBVQxAl,0NxEzKFBP6lRwXzsHhCA01,0F3GNFyX11HPrJ8Qx_LlOY,0F3GNFyX11HPrJ8Qx_LlOj,0F3GNFyX11HPrJ8Qx_LlOi,0F3GNFyX11HPrJ8Qx_LlPv
2eAZvXReD5rxCsRcBVQxAl;2eAZvXReD5rxCsRcBVQxAo,2eAZvXReD5rxCsRcBVQxAm,0NxEzKFBP6lRwXzsHhCA01,0F3GNFyX11HPrJ8Qx_LlOZ,0F3GNFyX11HPrJ8Qx_LlOj,0F3GNFyX11HPrJ8Qx_LlOi,0F3GNFyX11HPrJ8Qx_LlPv
2eAZvXReD5rxCsRcBVQxAf;2eAZvXReD5rxCsRcBVQxAp,2eAZvXReD5rxCsRcBVQxAe,0F3GNFyX11HPrJ8Qx_LlOW,0F3GNFyX11HPrJ8Qx_LlOg,0F3GNFyX11HPrJ8Qx_LlOL
2eAZvXReD5rxCsRcBVQxAe;2eAZvXReD5rxCsRcBVQxAq,2eAZvXReD5rxCsRcBVQxAf,0F3GNFyX11HPrJ8Qx_LlOX,0F3GNFyX11HPrJ8Qx_LlOL
2eAZvXReD5rxCsRcBVQxAA;2BWX4TR0f6kxOj9DspOy_G,2eAZvXReD5rxCsRcBVQxA4,24ehxT1G9FBvYY3TFZpQEF,0F3GNFyX11HPrJ8Qx_LlOR,0F3GNFyX11HPrJ8Qx_LlO1,0F3GNFyX11HPrJ8Qx_LlPz
2eAZvXReD5rxCsRcBVQxA9;2BWX4TR0f6kxOj9DspOy$s,2eAZvXReD5rxCsRcBVQxAq,2eAZvXReD5rxCsRcBVQxA4,2eAZvXReD5rxCsRcBVQxru,2eAZvXReD5rxCsRcBVQxrs,2eAZvXReD5rxCsRcBVQxrp,24ehxT1G9FBvYY3TFZpQEF,0F3GNFyX11HPrJ8Qx_LlOX,0F3GNFyX11HPrJ8Qx_LlOQ,0F3GNFyX11HPrJ8Qx_LlO1,0F3GNFyX11HPrJ8Qx_LlPr,0F3GNFyX11HPrJ8Qx_LlPt,0F3GNFyX11HPrJ8Qx_LlPm,0F3GNFyX11HPrJ8Qx_LlPz
2eAZvXReD5rxCsRcBVQxA6;2eAZvXReD5rxCsRcBVQxAp,2eAZvXReD5rxCsRcBVQxA2,2eAZvXReD5rxCsRcBVQxry,2eAZvXReD5rxCsRcBVQxrw,0F3GNFyX11HPrJ8Qx_LlO7,0F3GNFyX11HPrJ8Qx_LlO3,0F3GNFyX11HPrJ8Qx_LlO9,0F3GNFyX11HPrJ8Qx_LlOB
2eAZvXReD5rxCsRcBVQxA4;2eAZvXReD5rxCsRcBVQxAA,2eAZvXReD5rxCsRcBVQxA9,2eAZvXReD5rxCsRcBVQxru,24ehxT1G9FBvYY3TFZpQEF,0F3GNFyX11HPrJ8Qx_LlOR,0F3GNFyX11HPrJ8Qx_LlO1,0F3GNFyX11HPrJ8Qx_LlPr,0F3GNFyX11HPrJ8Qx_LlPz
2eAZvXReD5rxCsRcBVQxA2;2BWX4TR0f6kxOj9DspOyxT,2eAZvXReD5rxCsRcBVQxAp,2eAZvXReD5rxCsRcBVQxA6,2eAZvXReD5rxCsRcBVQxry,0F3GNFyX11HPrJ8Qx_LlO7,0F3GNFyX11HPrJ8Qx_LlO3,0F3GNFyX11HPrJ8Qx_LlO9
2eAZvXReD5rxCsRcBVQxA0;1jdFRSJ$H28g9RdT4gD1lp,0ami_Pw1b3M8bXapYJyMuB,2eAZvXReD5rxCsRcBVQxry,0F3GNFyX11HPrJ8Qx_LlOD,0F3GNFyX11HPrJ8Qx_LlO9
2eAZvXReD5rxCsRcBVQxry;1jdFRSJ$H28g9RdT4gD1lp,2BWX4TR0f6kxOj9DspOyyH,09XVQP3ifDnxPnLr7vToyM,2eAZvXReD5rxCsRcBVQxA6,2eAZvXReD5rxCsRcBVQxA2,2eAZvXReD5rxCsRcBVQxA0,0F3GNFyX11HPrJ8Qx_LlO7,0F3GNFyX11HPrJ8Qx_LlO3,0F3GNFyX11HPrJ8Qx_LlOD,0F3GNFyX11HPrJ8Qx_LlO9
2eAZvXReD5rxCsRcBVQxrw;2BWX4TR0f6kxOj9DspOyyt,2eAZvXReD5rxCsRcBVQxAp,2eAZvXReD5rxCsRcBVQxA6,2eAZvXReD5rxCsRcBVQxrv,0F3GNFyX11HPrJ8Qx_LlOW,0F3GNFyX11HPrJ8Qx_LlO7,0F3GNFyX11HPrJ8Qx_LlOB,0F3GNFyX11HPrJ8Qx_LlOA
2eAZvXReD5rxCsRcBVQxrv;2BWX4TR0f6kxOj9DspOyyt,2BWX4TR0f6kxOj9DspOyy3,2eAZvXReD5rxCsRcBVQxAp,2eAZvXReD5rxCsRcBVQxrw,2eAZvXReD5rxCsRcBVQxrp,0F3GNFyX11HPrJ8Qx_LlOW,0F3GNFyX11HPrJ8Qx_LlOB,0F3GNFyX11HPrJ8Qx_LlOA,0F3GNFyX11HPrJ8Qx_LlPm
2eAZvXReD5rxCsRcBVQxru;1zSSm83_HDE9$m_gaTXbRG,2eAZvXReD5rxCsRcBVQxA9,2eAZvXReD5rxCsRcBVQxA4,0F3GNFyX11HPrJ8Qx_LlOQ,0F3GNFyX11HPrJ8Qx_LlO1,0F3GNFyX11HPrJ8Qx_LlPr
2eAZvXReD5rxCsRcBVQxrt;1jdFRSJ$H28g9RdT4gD1l_,2BWX4TR0f6kxOj9DspOywL,2BWX4TR0f6kxOj9DspOy$n,2eAZvXReD5rxCsRcBVQxAp,2eAZvXReD5rxCsRcBVQxAo,0F3GNFyX11HPrJ8Qx_LlOW,0F3GNFyX11HPrJ8Qx_LlOZ,0F3GNFyX11HPrJ8Qx_LlPq
2eAZvXReD5rxCsRcBVQxrs;2BWX4TR0f6kxOj9DspOy_Q,2eAZvXReD5rxCsRcBVQxAq,2eAZvXReD5rxCsRcBVQxA9,0F3GNFyX11HPrJ8Qx_LlOX,0F3GNFyX11HPrJ8Qx_LlOQ,0F3GNFyX11HPrJ8Qx_LlPt
2eAZvXReD5rxCsRcBVQxrq;1jdFRSJ$H28g9RdT4gD1l_,2BWX4TR0f6kxOj9DspOy$C,2eAZvXReD5rxCsRcBVQxAq,0F3GNFyX11HPrJ8Qx_LlOX,0F3GNFyX11HPrJ8Qx_LlPn
2eAZvXReD5rxCsRcBVQxrp;2BWX4TR0f6kxOj9DspOyyo,2BWX4TR0f6kxOj9DspOyy3,2eAZvXReD5rxCsRcBVQxAq,2eAZvXReD5rxCsRcBVQxAp,2eAZvXReD5rxCsRcBVQxA9,2eAZvXReD5rxCsRcBVQxrv,0F3GNFyX11HPrJ8Qx_LlOX,0F3GNFyX11HPrJ8Qx_LlOW,0F3GNFyX11HPrJ8Qx_LlOQ,0F3GNFyX11HPrJ8Qx_LlOA,0F3GNFyX11HPrJ8Qx_LlPm
24ehxT1G9FBvYY3TFZpQEF;2BWX4TR0f6kxOj9DspOy_G,2BWX4TR0f6kxOj9DspOy$s,2eAZvXReD5rxCsRcBVQxAA,2eAZvXReD5rxCsRcBVQxA9,2eAZvXReD5rxCsRcBVQxA4,0F3GNFyX11HPrJ8Qx_LlOR,0F3GNFyX11HPrJ8Qx_LlO1,0F3GNFyX11HPrJ8Qx_LlPz
10j3vfs0v9KQvwTGGd$NgN;1jdFRSJ$H28g9RdT4gD1lP,1jdFRSJ$H28g9RdT4gD1lc,1jdFRSJ$H28g9RdT4gD1lr,3bmsvJtpP2Lw7375p3Crmk,3xDiDpx$nB2hLMfVxR_ubg
10j3vfs0v9KQvwTGGd$NZa;1jdFRSJ$H28g9RdT4gD1lY,1G1NcEL_X3bxAX3yk1c_c9
10j3vfs0v9KQvwTGGd$NZd;1jdFRSJ$H28g9RdT4gD1lY,2BWX4TR0f6kxOj9DspOyz8,2BWX4TR0f6kxOj9DspOy$7,10j3vfs0v9KQvwTGGd$NZc
10j3vfs0v9KQvwTGGd$NZc;1jdFRSJ$H28g9RdT4gD1lY,1jdFRSJ$H28g9RdT4gD1ln,2BWX4TR0f6kxOj9DspOy$7,10j3vfs0v9KQvwTGGd$NZd
0NxEzKFBP6lRwXzsHhCA01;1jdFRSJ$H28g9RdT4gD1l_,2eAZvXReD5rxCsRcBVQxAm,2eAZvXReD5rxCsRcBVQxAl,0F3GNFyX11HPrJ8Qx_LlOj,0F3GNFyX11HPrJ8Qx_LlPv
0F3GNFyX11HPrJ8Qx_LlOX;1jdFRSJ$H28g9RdT4gD1l_,2eAZvXReD5rxCsRcBVQxAq,2eAZvXReD5rxCsRcBVQxAp,2eAZvXReD5rxCsRcBVQxAe,2eAZvXReD5rxCsRcBVQxA9,2eAZvXReD5rxCsRcBVQxrs,2eAZvXReD5rxCsRcBVQxrq,2eAZvXReD5rxCsRcBVQxrp,0F3GNFyX11HPrJ8Qx_LlOW,0F3GNFyX11HPrJ8Qx_LlOL,0F3GNFyX11HPrJ8Qx_LlOQ,0F3GNFyX11HPrJ8Qx_LlPt,0F3GNFyX11HPrJ8Qx_LlPn,0F3GNFyX11HPrJ8Qx_LlPm
0F3GNFyX11HPrJ8Qx_LlOW;2BWX4TR0f6kxOj9DspOy$n,2eAZvXReD5rxCsRcBVQxAq,2eAZvXReD5rxCsRcBVQxAp,2eAZvXReD5rxCsRcBVQxAo,2eAZvXReD5rxCsRcBVQxAf,2eAZvXReD5rxCsRcBVQxrw,2eAZvXReD5rxCsRcBVQxrv,2eAZvXReD5rxCsRcBVQxrt,2eAZvXReD5rxCsRcBVQxrp,0F3GNFyX11HPrJ8Qx_LlOX,0F3GNFyX11HPrJ8Qx_LlOZ,0F3GNFyX11HPrJ8Qx_LlOg,0F3GNFyX11HPrJ8Qx_LlOB,0F3GNFyX11HPrJ8Qx_LlOA,0F3GNFyX11HPrJ8Qx_LlPq,0F3GNFyX11HPrJ8Qx_LlPm
0F3GNFyX11HPrJ8Qx_LlOZ;1jdFRSJ$H28g9RdT4gD1l_,2eAZvXReD5rxCsRcBVQxAp,2eAZvXReD5rxCsRcBVQxAo,2eAZvXReD5rxCsRcBVQxAn,2eAZvXReD5rxCsRcBVQxAl,2eAZvXReD5rxCsRcBVQxrt,0F3GNFyX11HPrJ8Qx_LlOW,0F3GNFyX11HPrJ8Qx_LlOY,0F3GNFyX11HPrJ8Qx_LlOi,0F3GNFyX11HPrJ8Qx_LlPq
0F3GNFyX11HPrJ8Qx_LlOY;2eAZvXReD5rxCsRcBVQxAo,2eAZvXReD5rxCsRcBVQxAn,2eAZvXReD5rxCsRcBVQxAm,0F3GNFyX11HPrJ8Qx_LlOZ,0F3GNFyX11HPrJ8Qx_LlOj
0F3GNFyX11HPrJ8Qx_LlOj;2eAZvXReD5rxCsRcBVQxAn,2eAZvXReD5rxCsRcBVQxAm,2eAZvXReD5rxCsRcBVQxAl,0NxEzKFBP6lRwXzsHhCA01,0F3GNFyX11HPrJ8Qx_LlOY,0F3GNFyX11HPrJ8Qx_LlOi,0F3GNFyX11HPrJ8Qx_LlPv
0F3GNFyX11HPrJ8Qx_LlOi;2eAZvXReD5rxCsRcBVQxAo,2eAZvXReD5rxCsRcBVQxAm,2eAZvXReD5rxCsRcBVQxAl,0F3GNFyX11HPrJ8Qx_LlOZ,0F3GNFyX11HPrJ8Qx_LlOj
0F3GNFyX11HPrJ8Qx_LlOg;2eAZvXReD5rxCsRcBVQxAp,2eAZvXReD5rxCsRcBVQxAf,0F3GNFyX11HPrJ8Qx_LlOW
0F3GNFyX11HPrJ8Qx_LlOL;2eAZvXReD5rxCsRcBVQxAq,2eAZvXReD5rxCsRcBVQxAf,2eAZvXReD5rxCsRcBVQxAe,0F3GNFyX11HPrJ8Qx_LlOX
0F3GNFyX11HPrJ8Qx_LlOR;2BWX4TR0f6kxOj9DspOy_G,2eAZvXReD5rxCsRcBVQxAA,2eAZvXReD5rxCsRcBVQxA4,24ehxT1G9FBvYY3TFZpQEF,0F3GNFyX11HPrJ8Qx_LlO1,0F3GNFyX11HPrJ8Qx_LlPz
0F3GNFyX11HPrJ8Qx_LlOQ;2eAZvXReD5rxCsRcBVQxAq,2eAZvXReD5rxCsRcBVQxA9,2eAZvXReD5rxCsRcBVQxru,2eAZvXReD5rxCsRcBVQxrs,2eAZvXReD5rxCsRcBVQxrp,0F3GNFyX11HPrJ8Qx_LlOX,0F3GNFyX11HPrJ8Qx_LlPr,0F3GNFyX11HPrJ8Qx_LlPt,0F3GNFyX11HPrJ8Qx_LlPm
0F3GNFyX11HPrJ8Qx_LlO7;2eAZvXReD5rxCsRcBVQxAp,2eAZvXReD5rxCsRcBVQxA6,2eAZvXReD5rxCsRcBVQxA2,2eAZvXReD5rxCsRcBVQxry,2eAZvXReD5rxCsRcBVQxrw,0F3GNFyX11HPrJ8Qx_LlO3,0F3GNFyX11HPrJ8Qx_LlO9,0F3GNFyX11HPrJ8Qx_LlOB
0F3GNFyX11HPrJ8Qx_LlO1;2eAZvXReD5rxCsRcBVQxAA,2eAZvXReD5rxCsRcBVQxA9,2eAZvXReD5rxCsRcBVQxA4,2eAZvXReD5rxCsRcBVQxru,24ehxT1G9FBvYY3TFZpQEF,0F3GNFyX11HPrJ8Qx_LlOR,0F3GNFyX11HPrJ8Qx_LlPr,0F3GNFyX11HPrJ8Qx_LlPz
0F3GNFyX11HPrJ8Qx_LlO3;2BWX4TR0f6kxOj9DspOyxT,2eAZvXReD5rxCsRcBVQxAp,2eAZvXReD5rxCsRcBVQxA6,2eAZvXReD5rxCsRcBVQxA2,2eAZvXReD5rxCsRcBVQxry,0F3GNFyX11HPrJ8Qx_LlO7,0F3GNFyX11HPrJ8Qx_LlO9
0F3GNFyX11HPrJ8Qx_LlOD;1jdFRSJ$H28g9RdT4gD1lp,0ami_Pw1b3M8bXapYJyMuB,2eAZvXReD5rxCsRcBVQxA0,2eAZvXReD5rxCsRcBVQxry,0F3GNFyX11HPrJ8Qx_LlO9
0F3GNFyX11HPrJ8Qx_LlO9;1jdFRSJ$H28g9RdT4gD1lp,2BWX4TR0f6kxOj9DspOyyH,09XVQP3ifDnxPnLr7vToyM,2eAZvXReD5rxCsRcBVQxA6,2eAZvXReD5rxCsRcBVQxA2,2eAZvXReD5rxCsRcBVQxA0,2eAZvXReD5rxCsRcBVQxry,0F3GNFyX11HPrJ8Qx_LlO7,0F3GNFyX11HPrJ8Qx_LlO3,0F3GNFyX11HPrJ8Qx_LlOD
0F3GNFyX11HPrJ8Qx_LlOB;2BWX4TR0f6kxOj9DspOyyt,2eAZvXReD5rxCsRcBVQxAp,2eAZvXReD5rxCsRcBVQxA6,2eAZvXReD5rxCsRcBVQxrw,2eAZvXReD5rxCsRcBVQxrv,0F3GNFyX11HPrJ8Qx_LlOW,0F3GNFyX11HPrJ8Qx_LlO7,0F3GNFyX11HPrJ8Qx_LlOA
0F3GNFyX11HPrJ8Qx_LlOA;2BWX4TR0f6kxOj9DspOyyt,2BWX4TR0f6kxOj9DspOyy3,2eAZvXReD5rxCsRcBVQxAp,2eAZvXReD5rxCsRcBVQxrw,2eAZvXReD5rxCsRcBVQxrv,2eAZvXReD5rxCsRcBVQxrp,0F3GNFyX11HPrJ8Qx_LlOW,0F3GNFyX11HPrJ8Qx_LlOB,0F3GNFyX11HPrJ8Qx_LlPm
0F3GNFyX11HPrJ8Qx_LlPr;1zSSm83_HDE9$m_gaTXbRG,2eAZvXReD5rxCsRcBVQxA9,2eAZvXReD5rxCsRcBVQxA4,2eAZvXReD5rxCsRcBVQxru,0F3GNFyX11HPrJ8Qx_LlOQ,0F3GNFyX11HPrJ8Qx_LlO1
0F3GNFyX11HPrJ8Qx_LlPq;1jdFRSJ$H28g9RdT4gD1l_,2BWX4TR0f6kxOj9DspOywL,2BWX4TR0f6kxOj9DspOy$n,2eAZvXReD5rxCsRcBVQxAp,2eAZvXReD5rxCsRcBVQxAo,2eAZvXReD5rxCsRcBVQxrt,0F3GNFyX11HPrJ8Qx_LlOW,0F3GNFyX11HPrJ8Qx_LlOZ
0F3GNFyX11HPrJ8Qx_LlPt;2BWX4TR0f6kxOj9DspOy_Q,2eAZvXReD5rxCsRcBVQxAq,2eAZvXReD5rxCsRcBVQxA9,2eAZvXReD5rxCsRcBVQxrs,0F3GNFyX11HPrJ8Qx_LlOX,0F3GNFyX11HPrJ8Qx_LlOQ
0F3GNFyX11HPrJ8Qx_LlPn;1jdFRSJ$H28g9RdT4gD1l_,2BWX4TR0f6kxOj9DspOy$C,2eAZvXReD5rxCsRcBVQxAq,2eAZvXReD5rxCsRcBVQxrq,0F3GNFyX11HPrJ8Qx_LlOX
0F3GNFyX11HPrJ8Qx_LlPm;2BWX4TR0f6kxOj9DspOyyo,2BWX4TR0f6kxOj9DspOyy3,2eAZvXReD5rxCsRcBVQxAq,2eAZvXReD5rxCsRcBVQxAp,2eAZvXReD5rxCsRcBVQxA9,2eAZvXReD5rxCsRcBVQxrv,2eAZvXReD5rxCsRcBVQxrp,0F3GNFyX11HPrJ8Qx_LlOX,0F3GNFyX11HPrJ8Qx_LlOW,0F3GNFyX11HPrJ8Qx_LlOQ,0F3GNFyX11HPrJ8Qx_LlOA
0F3GNFyX11HPrJ8Qx_LlPz;2BWX4TR0f6kxOj9DspOy_G,2BWX4TR0f6kxOj9DspOy$s,2eAZvXReD5rxCsRcBVQxAA,2eAZvXReD5rxCsRcBVQxA9,2eAZvXReD5rxCsRcBVQxA4,24ehxT1G9FBvYY3TFZpQEF,0F3GNFyX11HPrJ8Qx_LlOR,0F3GNFyX11HPrJ8Qx_LlO1
0F3GNFyX11HPrJ8Qx_LlPv;2eAZvXReD5rxCsRcBVQxAm,2eAZvXReD5rxCsRcBVQxAl,0NxEzKFBP6lRwXzsHhCA01,0F3GNFyX11HPrJ8Qx_LlOj
